id_lokalId;husnummer;jordstykke;byg021BygningensAnvendelse;byg038SamletBygningsareal;byg039BygningensSamledeBoligAreal;byg040BygningensSamledeErhvervsAreal;placehodlerForKælder;byg026Opførelsesår;byg027OmTilbygningsår;byg056Varmeinstallation;byg057Opvarmningsmiddel;byg058SupplerendeVarme;byg404Koordinat;byg406Koordinatsystem;status
0000c58e-7c19-4f9d-a7a6-9d68a7584865;0a3f5082-b157-32b8-e044-0003ba298018;1985307;510;8;8;;;;2012;;;;;;9
000280c3-6be0-486f-b681-eaed2dd49bc0;0a3f5083-cc2c-32b8-e044-0003ba298018;1041794;510;-23;-23;;;;2012;;;;;;2
00036ab4-e2d0-49f5-be41-9cff635ef20e;0a3f5084-e581-32b8-e044-0003ba298018;1657034;210;80;;80;;1989;;9;;;POINT(650015.55 6204436.09);5;6
00048f26-86ab-41c7-ab9c-7d1a74ba467d;0a3f5083-d3b6-32b8-e044-0003ba298018;1042308;510;7;7;;;;;;;;;;9
0005adf3-33cc-4d8f-b70b-b9c964495a3d;0a3f5084-f98b-32b8-e044-0003ba298018;1656656;510;62;75;;;1885;1984;7;1;;POINT(658905.76 6199723.37);5;6
0006651a-53f7-407b-b3b5-a8c3c0da0cd1;0a3f5082-ca16-32b8-e044-0003ba298018;1981822;130;184;184;;;2005;;2;7;90;POINT(656449.11 6188276.49);5;6
0006f5c2-16e6-45f8-ae72-14899c35f0cc;0a3f5084-e13b-32b8-e044-0003ba298018;1655614;510;;;;;;;;;;;;9
0007a900-37a7-4f30-a664-2c1f63da845d;0a3f5083-ddc0-32b8-e044-0003ba298018;1043896;120;156;156;;;1963;1976;2;3;;POINT(671323.14 6203064.34);5;6
00086460-efc1-4b72-be94-a58055f7dded;0a3f5083-eb67-32b8-e044-0003ba298018;1045795;585;25;14;;;2010;;7;1;90;POINT(673936.49 6204707.39);5;6
00097fc0-13c4-4b78-8f97-1c8a75798c04;0a3f5084-d9a4-32b8-e044-0003ba298018;1648771;510;103;90;;;1968;2015;3;3;;POINT(659398.79 6195151.26);5;6
000a1e1e-5da1-4168-a530-9014b7fc4086;0a3f5084-ea3b-32b8-e044-0003ba298018;1662938;120;134;218;;;1924;2005;3;4;;POINT(658715.1 6192680.44);5;6
000a4295-f484-4a63-969b-7820bc1860be;0a3f5083-ccf4-32b8-e044-0003ba298018;1042401;510;74;74;;;1959;1975;7;1;;POINT(669685.77 6203040.53);5;6
000b7897-e15a-4257-ad31-3abca7e55bc7;0a3f5084-e5b4-32b8-e044-0003ba298018;1660445;333;;-113;98;;;2019;5;1;7;;;2
000c43a3-5255-4751-8154-472b1d3d86e3;0a3f5084-cef2-32b8-e044-0003ba298018;1656640;585;42;15;;;2006;2015;7;1;;POINT(658933.44 6199755.58);5;6
000ceaa6-c77a-472e-b3eb-bfe86fb31fe6;0a3f5082-a322-32b8-e044-0003ba298018;1984694;120;167;167;;;2000;;2;3;;POINT(651826.28 6183485.96);5;6
000f66ac-57d9-410d-9abe-3bf0ced6ab2b;0a3f5084-ddc5-32b8-e044-0003ba298018;1663195;322;1344;172;1344;;1837;1988;2;3;;POINT(658141.79 6193195.68);5;6
000ff4d5-4251-4d5d-b628-8d7268028532;0a3f5082-bd8a-32b8-e044-0003ba298018;1985390;510;21;;;;;;;;;;;3
001000f3-78eb-4bd4-b253-a933290a8f60;0a3f5083-e413-32b8-e044-0003ba298018;1049195;510;68;68;;;2001;;5;1;2;POINT(665988.29 6201859.31);5;6
00118007-ee29-4cf1-b2f2-0a1d525b2dee;0a3f5084-f64d-32b8-e044-0003ba298018;1662296;210;140;72;140;;1894;1995;3;4;90;POINT(657579.33 6191032.37);5;6
0011e863-7786-4230-9a46-53ce4106a9e1;0a3f5084-d95b-32b8-e044-0003ba298018;1649088;510;20;20;;;1972;;3;3;;POINT(659605.18 6195625.63);5;6
0011efb3-9a1c-4761-b11d-4ce51d4570b1;0a3f5084-dfb6-32b8-e044-0003ba298018;1646642;510;54;39;;;1970;1982;7;1;2;POINT(660319.58 6197510.11);5;6
0011f420-7de0-40db-9d29-c1eba31d7693;0a3f5082-a55a-32b8-e044-0003ba298018;1983881;510;;;;;;;;;;;;9
00152d0d-d5ca-425c-a1a0-51bfd145caf4;0a3f5083-e0be-32b8-e044-0003ba298018;1049448;510;60;60;;;1962;;7;1;;POINT(666300.61 6201872.69);5;6
00156cd9-864f-45f2-97f0-ef07a3df7f3f;0a3f5082-c4cc-32b8-e044-0003ba298018;1981801;130;142;142;;;1977;;2;7;;POINT(656432.36 6188612.94);5;6
00165bb3-8064-4ed4-be80-b0d98ad12968;0a3f5084-c4d6-32b8-e044-0003ba298018;1647898;510;48;48;;;1971;;5;1;2;POINT(658939.74 6196138.41);5;6
0017f071-7973-4e9e-99ee-7edd371d0690;0a3f5084-fa01-32b8-e044-0003ba298018;1651103;120;128;128;;;1973;;1;;90;POINT(661956.28 6199404.07);5;6
00181584-2d07-45ed-84fa-23ef74fbf525;0a3f5082-aaa7-32b8-e044-0003ba298018;1994183;211;60;;60;;1935;1987;9;;;POINT(649975.19 6182175);5;6
0018cc7d-c269-495b-a3bd-b94d85c0f3d4;0a3f5084-fcee-32b8-e044-0003ba298018;1648243;510;72;66;;;1975;;7;1;;POINT(659051.72 6194670.74);5;6
0019391d-dd3d-4d56-a2e4-4c09d741710f;0a3f5082-aade-32b8-e044-0003ba298018;1990544;120;99;149;;;1903;;1;;;POINT(659965.02 6186669.4);5;6
001ba633-fa49-4f9c-8c54-0b81ecd2d83c;0a3f5084-cb2b-32b8-e044-0003ba298018;1646077;510;80;80;;;1790;1960;3;4;7;POINT(654138.42 6204237.76);5;6
001d7228-ed0b-421f-aab1-48676bb59ecb;0a3f5084-c380-32b8-e044-0003ba298018;1644561;120;150;150;;;1910;1983;3;4;;POINT(667680.51 6189506.72);5;6
001ea793-4d8d-4d08-b028-aebb81234abc;0a3f5084-fdb0-32b8-e044-0003ba298018;1657788;510;83;83;;;1949;;7;1;2;POINT(652802.64 6203431.23);5;6
001ea8d0-487b-49df-9cc0-31d4c381dcb2;0a3f5084-dbf7-32b8-e044-0003ba298018;1661468;510;50;49;;;1971;;7;1;;POINT(658695.54 6193083.52);5;6
001eb818-634c-482b-b1d3-11cea396f7b7;0a3f5084-ed79-32b8-e044-0003ba298018;1660685;420;35;;81;;;;;;;;;9
001f72ce-3e40-4718-8d3f-2aef98dfc34c;0a3f5082-ad3e-32b8-e044-0003ba298018;1989905;218;638;;638;;1996;;9;;;POINT(654662.3 6189541.7);5;6
00208728-15a5-4b96-a429-efee167d915f;0a3f5084-e901-32b8-e044-0003ba298018;1658987;510;130;130;;;1966;1998;7;1;2;POINT(643396.25 6206266.27);5;6
00219928-64f0-41d6-b375-0cc9b59d950c;0a3f5084-d269-32b8-e044-0003ba298018;1653225;510;20;20;;;1947;;3;3;;POINT(656509.64 6201861.76);5;10
002306d3-c1b9-4546-a7fe-8d045b2d3346;0a3f5082-c283-32b8-e044-0003ba298018;1990982;510;58;58;;;1975;;7;1;2;POINT(663504.06 6185258.58);5;6
0023c9e5-9ec0-4f13-97f4-d77afb925613;0a3f5083-d1c2-32b8-e044-0003ba298018;1049580;585;40;40;;;2000;;5;1;;POINT(666939.04 6202458.64);5;6
0023f2f5-faf9-499f-8840-7fd9e085dde2;0a3f5083-ed80-32b8-e044-0003ba298018;1042854;585;6;6;;;1971;;9;;;POINT(670325.63 6202771.38);5;6
002449fb-c2f7-4743-a293-59c704c40c50;0a3f5084-c929-32b8-e044-0003ba298018;1648585;510;20;20;;;;2017;;;;;;9
00248f4d-1e31-4617-8e35-5f09a4ee2d5c;40afd2f5-fe30-3373-e044-0003ba298018;2698859;120;155;155;;;2012;;5;1;;POINT(667987.17 6201455.57);5;6
0024dd12-791b-4666-a3dc-e7c606716314;0a3f5084-e9ca-32b8-e044-0003ba298018;1646640;510;13;13;;;;2010;;;;;;9
0029977e-1367-4ea0-a4c8-a96c09a5fefb;0a3f5084-fdbf-32b8-e044-0003ba298018;1657794;510;12;12;;;;2018;;;;;;9
002b0d9b-c96b-4da7-b1eb-c8b69b4e239c;0a3f5082-c296-32b8-e044-0003ba298018;1989661;510;45;45;;;1968;1997;7;1;;POINT(653648.41 6190890.77);5;6
002be396-a3cd-496f-afcb-6be57969fbf9;0a3f5082-9ca9-32b8-e044-0003ba298018;1987469;210;69;;69;;1899;;9;;;POINT(654279.77 6185435.32);5;6
002d5687-4173-4b31-829d-b97004c4e2ee;0a3f5084-f6fb-32b8-e044-0003ba298018;1652499;585;16;16;;;1975;;9;;;POINT(662653.34 6202857.15);5;6
002fde8f-63ad-4958-8271-4e396add9cd6;0a3f5083-df80-32b8-e044-0003ba298018;1044899;120;230;310;;;1925;1978;2;3;2;POINT(672077.07 6203341);5;6
00308252-8cd3-4c1b-b4e1-6a0f587d10b2;0a3f5083-d432-32b8-e044-0003ba298018;1044753;120;116;116;;;2002;;3;4;7;POINT(672232.78 6203575.68);5;6
0030df9d-e298-4ee2-9363-ca4b3b7210de;0a3f5084-df68-32b8-e044-0003ba298018;1647802;585;15;15;;;1968;;9;;;POINT(658689.13 6196731.28);5;6
0031edea-0bfb-4392-bdf5-c45cf7e7e005;320926f1-6a74-442a-9c80-2482d242b83b;1982159;530;3437;;3437;;1979;;2;9;;POINT(656790.2 6188257.16);5;6
0032bd6a-98d4-425e-a36f-a90bccdd3297;0a3f5084-b998-32b8-e044-0003ba298018;1650908;510;;;;;;;;;;;;9
00354cf3-c91d-4c93-99f0-199597242332;0a3f5082-c121-32b8-e044-0003ba298018;1983774;510;63;63;;;1964;1999;5;1;7;POINT(657282.54 6192008.14);5;6
0036abb8-282c-4432-8c1c-7ab7fd375b31;0a3f5084-de18-32b8-e044-0003ba298018;1649400;510;71;71;;;1971;;7;1;;POINT(658189.41 6198494.81);5;6
00382faa-841c-4ed5-9a89-96885068f06e;0a3f5082-c428-32b8-e044-0003ba298018;1993764;210;82;;82;;1900;;9;;90;POINT(653268.53 6180533.4);5;10
00396243-040a-468c-9d14-b04d822aa64f;0a3f5084-f635-32b8-e044-0003ba298018;1657148;120;85;135;;;1912;;2;3;2;POINT(648293.1 6204123.93);5;6
003b21e4-774e-4578-81f1-0ef6b75375ae;0a3f5082-ad82-32b8-e044-0003ba298018;1988592;223;67;;67;;1997;;2;7;;POINT(655557.03 6184303.35);5;6
003c30e7-2399-4f58-a0cc-c7179ad667cb;0a3f5084-cb27-32b8-e044-0003ba298018;1646418;219;144;;144;;1885;;9;;;POINT(654801.71 6204174.28);5;6
003d0ac8-90f5-4e70-bf09-840fc558ed03;0a3f5084-e870-32b8-e044-0003ba298018;1652379;510;62;59;;;1969;;7;1;2;POINT(661807.36 6203829.27);5;6
0000c58e-7c19-4f9d-a7a6-9d68a7584865;0a3f5082-b157-32b8-e044-0003ba298018;1985307;510;8;8;;;;2012;;;;;;9
000280c3-6be0-486f-b681-eaed2dd49bc0;0a3f5083-cc2c-32b8-e044-0003ba298018;1041794;510;-23;-23;;;;2012;;;;;;2
00036ab4-e2d0-49f5-be41-9cff635ef20e;0a3f5084-e581-32b8-e044-0003ba298018;1657034;210;80;;80;;1989;;9;;;POINT(650015.55 6204436.09);5;6
00048f26-86ab-41c7-ab9c-7d1a74ba467d;0a3f5083-d3b6-32b8-e044-0003ba298018;1042308;510;7;7;;;;;;;;;;9
0005adf3-33cc-4d8f-b70b-b9c964495a3d;0a3f5084-f98b-32b8-e044-0003ba298018;1656656;510;62;75;;;1885;1984;7;1;;POINT(658905.76 6199723.37);5;6
0006651a-53f7-407b-b3b5-a8c3c0da0cd1;0a3f5082-ca16-32b8-e044-0003ba298018;1981822;130;184;184;;;2005;;2;7;90;POINT(656449.11 6188276.49);5;6
0006f5c2-16e6-45f8-ae72-14899c35f0cc;0a3f5084-e13b-32b8-e044-0003ba298018;1655614;510;;;;;;;;;;;;9
0007a900-37a7-4f30-a664-2c1f63da845d;0a3f5083-ddc0-32b8-e044-0003ba298018;1043896;120;156;156;;;1963;1976;2;3;;POINT(671323.14 6203064.34);5;6
00086460-efc1-4b72-be94-a58055f7dded;0a3f5083-eb67-32b8-e044-0003ba298018;1045795;585;25;14;;;2010;;7;1;90;POINT(673936.49 6204707.39);5;6
00097fc0-13c4-4b78-8f97-1c8a75798c04;0a3f5084-d9a4-32b8-e044-0003ba298018;1648771;510;103;90;;;1968;2015;3;3;;POINT(659398.79 6195151.26);5;6
000a1e1e-5da1-4168-a530-9014b7fc4086;0a3f5084-ea3b-32b8-e044-0003ba298018;1662938;120;134;218;;;1924;2005;3;4;;POINT(658715.1 6192680.44);5;6
000a4295-f484-4a63-969b-7820bc1860be;0a3f5083-ccf4-32b8-e044-0003ba298018;1042401;510;74;74;;;1959;1975;7;1;;POINT(669685.77 6203040.53);5;6
000b7897-e15a-4257-ad31-3abca7e55bc7;0a3f5084-e5b4-32b8-e044-0003ba298018;1660445;333;;-113;98;;;2019;5;1;7;;;2
000c43a3-5255-4751-8154-472b1d3d86e3;0a3f5084-cef2-32b8-e044-0003ba298018;1656640;585;42;15;;;2006;2015;7;1;;POINT(658933.44 6199755.58);5;6
000ceaa6-c77a-472e-b3eb-bfe86fb31fe6;0a3f5082-a322-32b8-e044-0003ba298018;1984694;120;167;167;;;2000;;2;3;;POINT(651826.28 6183485.96);5;6
000f66ac-57d9-410d-9abe-3bf0ced6ab2b;0a3f5084-ddc5-32b8-e044-0003ba298018;1663195;322;1344;172;1344;;1837;1988;2;3;;POINT(658141.79 6193195.68);5;6
000ff4d5-4251-4d5d-b628-8d7268028532;0a3f5082-bd8a-32b8-e044-0003ba298018;1985390;510;21;;;;;;;;;;;3
001000f3-78eb-4bd4-b253-a933290a8f60;0a3f5083-e413-32b8-e044-0003ba298018;1049195;510;68;68;;;2001;;5;1;2;POINT(665988.29 6201859.31);5;6
00118007-ee29-4cf1-b2f2-0a1d525b2dee;0a3f5084-f64d-32b8-e044-0003ba298018;1662296;210;140;72;140;;1894;1995;3;4;90;POINT(657579.33 6191032.37);5;6
0011e863-7786-4230-9a46-53ce4106a9e1;0a3f5084-d95b-32b8-e044-0003ba298018;1649088;510;20;20;;;1972;;3;3;;POINT(659605.18 6195625.63);5;6
0011efb3-9a1c-4761-b11d-4ce51d4570b1;0a3f5084-dfb6-32b8-e044-0003ba298018;1646642;510;54;39;;;1970;1982;7;1;2;POINT(660319.58 6197510.11);5;6
0011f420-7de0-40db-9d29-c1eba31d7693;0a3f5082-a55a-32b8-e044-0003ba298018;1983881;510;;;;;;;;;;;;9
00152d0d-d5ca-425c-a1a0-51bfd145caf4;0a3f5083-e0be-32b8-e044-0003ba298018;1049448;510;60;60;;;1962;;7;1;;POINT(666300.61 6201872.69);5;6
00156cd9-864f-45f2-97f0-ef07a3df7f3f;0a3f5082-c4cc-32b8-e044-0003ba298018;1981801;130;142;142;;;1977;;2;7;;POINT(656432.36 6188612.94);5;6
00165bb3-8064-4ed4-be80-b0d98ad12968;0a3f5084-c4d6-32b8-e044-0003ba298018;1647898;510;48;48;;;1971;;5;1;2;POINT(658939.74 6196138.41);5;6
0017f071-7973-4e9e-99ee-7edd371d0690;0a3f5084-fa01-32b8-e044-0003ba298018;1651103;120;128;128;;;1973;;1;;90;POINT(661956.28 6199404.07);5;6
00181584-2d07-45ed-84fa-23ef74fbf525;0a3f5082-aaa7-32b8-e044-0003ba298018;1994183;211;60;;60;;1935;1987;9;;;POINT(649975.19 6182175);5;6
0018cc7d-c269-495b-a3bd-b94d85c0f3d4;0a3f5084-fcee-32b8-e044-0003ba298018;1648243;510;72;66;;;1975;;7;1;;POINT(659051.72 6194670.74);5;6
0019391d-dd3d-4d56-a2e4-4c09d741710f;0a3f5082-aade-32b8-e044-0003ba298018;1990544;120;99;149;;;1903;;1;;;POINT(659965.02 6186669.4);5;6
001ba633-fa49-4f9c-8c54-0b81ecd2d83c;0a3f5084-cb2b-32b8-e044-0003ba298018;1646077;510;80;80;;;1790;1960;3;4;7;POINT(654138.42 6204237.76);5;6
001d7228-ed0b-421f-aab1-48676bb59ecb;0a3f5084-c380-32b8-e044-0003ba298018;1644561;120;150;150;;;1910;1983;3;4;;POINT(667680.51 6189506.72);5;6
001ea793-4d8d-4d08-b028-aebb81234abc;0a3f5084-fdb0-32b8-e044-0003ba298018;1657788;510;83;83;;;1949;;7;1;2;POINT(652802.64 6203431.23);5;6
001ea8d0-487b-49df-9cc0-31d4c381dcb2;0a3f5084-dbf7-32b8-e044-0003ba298018;1661468;510;50;49;;;1971;;7;1;;POINT(658695.54 6193083.52);5;6
001eb818-634c-482b-b1d3-11cea396f7b7;0a3f5084-ed79-32b8-e044-0003ba298018;1660685;420;35;;81;;;;;;;;;9
001f72ce-3e40-4718-8d3f-2aef98dfc34c;0a3f5082-ad3e-32b8-e044-0003ba298018;1989905;218;638;;638;;1996;;9;;;POINT(654662.3 6189541.7);5;6
00208728-15a5-4b96-a429-efee167d915f;0a3f5084-e901-32b8-e044-0003ba298018;1658987;510;130;130;;;1966;1998;7;1;2;POINT(643396.25 6206266.27);5;6
00219928-64f0-41d6-b375-0cc9b59d950c;0a3f5084-d269-32b8-e044-0003ba298018;1653225;510;20;20;;;1947;;3;3;;POINT(656509.64 6201861.76);5;10
002306d3-c1b9-4546-a7fe-8d045b2d3346;0a3f5082-c283-32b8-e044-0003ba298018;1990982;510;58;58;;;1975;;7;1;2;POINT(663504.06 6185258.58);5;6
0023c9e5-9ec0-4f13-97f4-d77afb925613;0a3f5083-d1c2-32b8-e044-0003ba298018;1049580;585;40;40;;;2000;;5;1;;POINT(666939.04 6202458.64);5;6
0023f2f5-faf9-499f-8840-7fd9e085dde2;0a3f5083-ed80-32b8-e044-0003ba298018;1042854;585;6;6;;;1971;;9;;;POINT(670325.63 6202771.38);5;6
002449fb-c2f7-4743-a293-59c704c40c50;0a3f5084-c929-32b8-e044-0003ba298018;1648585;510;20;20;;;;2017;;;;;;9
00248f4d-1e31-4617-8e35-5f09a4ee2d5c;40afd2f5-fe30-3373-e044-0003ba298018;2698859;120;155;155;;;2012;;5;1;;POINT(667987.17 6201455.57);5;6
0024dd12-791b-4666-a3dc-e7c606716314;0a3f5084-e9ca-32b8-e044-0003ba298018;1646640;510;13;13;;;;2010;;;;;;9
0029977e-1367-4ea0-a4c8-a96c09a5fefb;0a3f5084-fdbf-32b8-e044-0003ba298018;1657794;510;12;12;;;;2018;;;;;;9
002b0d9b-c96b-4da7-b1eb-c8b69b4e239c;0a3f5082-c296-32b8-e044-0003ba298018;1989661;510;45;45;;;1968;1997;7;1;;POINT(653648.41 6190890.77);5;6
002be396-a3cd-496f-afcb-6be57969fbf9;0a3f5082-9ca9-32b8-e044-0003ba298018;1987469;210;69;;69;;1899;;9;;;POINT(654279.77 6185435.32);5;6
002d5687-4173-4b31-829d-b97004c4e2ee;0a3f5084-f6fb-32b8-e044-0003ba298018;1652499;585;16;16;;;1975;;9;;;POINT(662653.34 6202857.15);5;6
002fde8f-63ad-4958-8271-4e396add9cd6;0a3f5083-df80-32b8-e044-0003ba298018;1044899;120;230;310;;;1925;1978;2;3;2;POINT(672077.07 6203341);5;6
00308252-8cd3-4c1b-b4e1-6a0f587d10b2;0a3f5083-d432-32b8-e044-0003ba298018;1044753;120;116;116;;;2002;;3;4;7;POINT(672232.78 6203575.68);5;6
0030df9d-e298-4ee2-9363-ca4b3b7210de;0a3f5084-df68-32b8-e044-0003ba298018;1647802;585;15;15;;;1968;;9;;;POINT(658689.13 6196731.28);5;6
0031edea-0bfb-4392-bdf5-c45cf7e7e005;320926f1-6a74-442a-9c80-2482d242b83b;1982159;530;3437;;3437;;1979;;2;9;;POINT(656790.2 6188257.16);5;6
0032bd6a-98d4-425e-a36f-a90bccdd3297;0a3f5084-b998-32b8-e044-0003ba298018;1650908;510;;;;;;;;;;;;9
00354cf3-c91d-4c93-99f0-199597242332;0a3f5082-c121-32b8-e044-0003ba298018;1983774;510;63;63;;;1964;1999;5;1;7;POINT(657282.54 6192008.14);5;6
0036abb8-282c-4432-8c1c-7ab7fd375b31;0a3f5084-de18-32b8-e044-0003ba298018;1649400;510;71;71;;;1971;;7;1;;POINT(658189.41 6198494.81);5;6
00382faa-841c-4ed5-9a89-96885068f06e;0a3f5082-c428-32b8-e044-0003ba298018;1993764;210;82;;82;;1900;;9;;90;POINT(653268.53 6180533.4);5;10
00396243-040a-468c-9d14-b04d822aa64f;0a3f5084-f635-32b8-e044-0003ba298018;1657148;120;85;135;;;1912;;2;3;2;POINT(648293.1 6204123.93);5;6
003b21e4-774e-4578-81f1-0ef6b75375ae;0a3f5082-ad82-32b8-e044-0003ba298018;1988592;223;67;;67;;1997;;2;7;;POINT(655557.03 6184303.35);5;6
003c30e7-2399-4f58-a0cc-c7179ad667cb;0a3f5084-cb27-32b8-e044-0003ba298018;1646418;219;144;;144;;1885;;9;;;POINT(654801.71 6204174.28);5;6
003d0ac8-90f5-4e70-bf09-840fc558ed03;0a3f5084-e870-32b8-e044-0003ba298018;1652379;510;62;59;;;1969;;7;1;2;POINT(661807.36 6203829.27);5;6
003e6087-8c74-4686-b175-5bf5bebba735;0a3f5082-ae4d-32b8-e044-0003ba298018;1987643;530;784;;784;;2012;;2;7;;POINT(652891.55 6186589.21);5;6
003f678f-da97-4854-b9ef-91073ddf45a8;0a3f5084-c9a6-32b8-e044-0003ba298018;2531661;510;64;64;;;1973;2003;7;1;2;POINT(662889.82 6202849.77);5;6
00406274-fae7-442f-995e-ba0db2707efd;0a3f5084-f496-32b8-e044-0003ba298018;1651568;110;223;223;;;1890;;2;3;;POINT(664143.4 6198726.58);5;6
0042ab35-5c38-452a-93e8-ea9ed5d22d75;0a3f5084-e09d-32b8-e044-0003ba298018;1655047;510;59;59;;;1977;2005;7;1;;POINT(663214.23 6202205.29);5;6
00455c34-d12a-442d-93e4-85eb693e914e;0a3f5082-a01f-32b8-e044-0003ba298018;1994016;210;92;;92;;1960;;9;;;;;10
00457ae3-2695-4385-b3ff-21a044c371e9;0a3f5083-d24e-32b8-e044-0003ba298018;1049349;510;62;48;;;1957;2006;7;1;;POINT(666549.05 6202068.33);5;6
004a3e32-09ad-48db-8d5b-8df5b15d2496;0a3f5082-a0c7-32b8-e044-0003ba298018;1988813;585;56;29;;;;;7;1;;POINT(652563.96 6190396.24);5;3
004bf0ce-36ea-46c2-8900-3d408eab181e;0a3f5084-f51c-32b8-e044-0003ba298018;1649771;510;39;39;;;2019;;5;1;;POINT(659183.41 6199103.9);5;12
004caace-0957-49f5-b086-a2096cf02789;0a3f5084-c53c-32b8-e044-0003ba298018;1659108;510;86;86;;;2008;;7;1;2;POINT(643243.52 6206956.77);5;6
004d68be-8ea1-4775-a3ec-1803660169e6;0a3f5083-e893-32b8-e044-0003ba298018;1042936;211;77;;77;;1907;;9;;;POINT(671348.14 6201493.47);5;6
004ef098-8c8d-46ef-9dfb-9d2dd7865a19;0a3f5082-a5dd-32b8-e044-0003ba298018;1985152;120;117;143;;;1952;1980;7;1;2;POINT(653189.71 6186962.08);5;6
0051fd24-2b31-4137-a9ad-5c1fdc68fdba;0a3f5084-cad8-32b8-e044-0003ba298018;1650425;510;;;;;;;;;;;;9
005212be-fa96-4298-a7f0-5b577ad9993e;0a3f5082-c2a9-32b8-e044-0003ba298018;1989464;120;170;250;;;1927;;2;3;2;POINT(654060.8 6191071.13);5;6
00524080-a52a-4c7f-b3f6-0e1de3490b7d;0a3f5083-d24c-32b8-e044-0003ba298018;1050538;510;;;;;;;;;;;;9
0052ef21-e1e9-43eb-8d3f-de3e58d89d45;0a3f5083-cf0b-32b8-e044-0003ba298018;1042897;510;15;15;;;;2002;;;;;;9
00541cc8-2dc1-480a-ac3a-ec4873752904;0a3f5084-bbed-32b8-e044-0003ba298018;1661965;585;12;12;;;1974;;9;;90;POINT(659467.94 6193899.24);5;6
00550a35-5150-420a-bc6f-e01cc6c00dbe;0a3f5084-e649-32b8-e044-0003ba298018;1653688;585;23;17;;;2012;;7;1;;POINT(657511.58 6201396.51);5;6
00557387-0ff5-470c-82b3-b81048c649a7;0a3f5084-d3c0-32b8-e044-0003ba298018;1660989;510;79;79;;;2007;;7;1;;POINT(658111.96 6192778.03);5;6
0056a1a0-048b-467c-87de-cc3ad3fadc40;0a3f5082-bc52-32b8-e044-0003ba298018;1985719;510;61;35;;;1986;;7;1;;POINT(650026.33 6189292.83);5;6
0056a508-15ea-4591-a677-5c42d1ac6f34;0a3f5084-d1a8-32b8-e044-0003ba298018;1663598;211;150;;240;;1905;;9;;;POINT(661051.07 6192376.44);5;6
0059840d-95af-4e89-a4ba-43830c1b7b18;0a3f5084-ecda-32b8-e044-0003ba298018;1647172;510;42;42;;;1973;1989;7;1;;POINT(658452.55 6194608.58);5;6
005a5bee-9d3d-4455-9b70-97e4d13b5200;0a3f5084-daa1-32b8-e044-0003ba298018;1653748;510;70;52;;;1976;1983;7;1;;POINT(657438.25 6201327.4);5;6
005b2c19-743a-4fe2-bbc5-5a635021bcff;0a3f5083-cce7-32b8-e044-0003ba298018;1042372;510;40;40;;;;2016;;;;;;9
005b537c-3271-44d1-8132-205dcc3c3450;0a3f5084-bafb-32b8-e044-0003ba298018;1653694;510;12;12;;;1967;;9;;90;POINT(657478.79 6203233.97);5;6
005cc72c-abca-4b3d-94ce-b8dc12a43839;0a3f5083-cf09-32b8-e044-0003ba298018;1042422;510;89;89;;;1962;2004;3;4;;POINT(670240.82 6203031.6);5;6
005fcae8-d97a-425b-85ab-88fca04302c0;0a3f5083-cb6c-32b8-e044-0003ba298018;1050731;510;35;35;;;1974;;7;1;;POINT(668862.37 6202433.08);5;6
0060552c-3837-41f0-8eff-c92eda4cd35f;0a3f5084-ec40-32b8-e044-0003ba298018;1650905;510;42;42;;;1950;1975;7;1;;POINT(659503.05 6198542.83);5;6
0061c728-1ca4-4825-8e72-e700ac3a5cd8;0a3f5082-bcbc-32b8-e044-0003ba298018;1982045;140;258;258;76;;1906;2003;5;1;;POINT(656694.63 6187651.38);5;6
0063c7a8-4634-4177-8d03-1a92d7154300;0a3f5084-ecc8-32b8-e044-0003ba298018;1654096;510;56;56;;;1952;;7;1;2;POINT(657646.85 6203216.3);5;6
00644d45-0e80-4887-8566-0f97acf33f35;0a3f5084-ebf5-32b8-e044-0003ba298018;1645705;210;-109;;-109;;;;;;;;;9
00646b35-00e9-433c-8822-81510d19f1c5;0a3f5083-c8c1-32b8-e044-0003ba298018;1047509;120;139;139;;;1972;;1;;;POINT(666588.34 6200325.88);5;6
0064a721-075a-4d7e-8914-b1a5423f7049;0a3f5082-ae6a-32b8-e044-0003ba298018;1992005;120;228;228;;;1937;1999;2;4;90;POINT(663448.19 6184511.41);5;6
0064d80e-418d-49aa-940f-7f8f2e5d8818;0a3f5083-e418-32b8-e044-0003ba298018;1049248;510;94;94;;;1968;1994;7;1;;POINT(665920.01 6201906.69);5;6
0065b6fe-2738-4809-b29e-8863bcb83b7b;0a3f5083-de5e-32b8-e044-0003ba298018;1043177;510;94;94;;;1950;1995;7;1;;POINT(671825.28 6198917.06);5;6
00660258-e52a-4589-a9ad-b13273000d9b;0a3f5083-ed17-32b8-e044-0003ba298018;1049202;510;69;69;;;1967;;7;1;;POINT(665968.32 6201728.33);5;6
0069ab77-e55c-411e-b28e-4ae44577a7c2;0a3f5084-d879-32b8-e044-0003ba298018;1655934;510;66;66;;;1982;;7;1;;POINT(658564.29 6200439.67);5;6
006c082a-2943-41c7-bc51-b4395f9ef343;0a3f5083-e10c-32b8-e044-0003ba298018;1050414;510;44;44;;;1960;;3;3;;POINT(668053.65 6202350.05);5;6
006df521-2cb7-495e-98c6-6b17463f0f48;0a3f5082-9f8f-32b8-e044-0003ba298018;1991314;120;173;173;;;1960;2001;2;3;;POINT(662960.51 6187467.68);5;6
006e0059-c74e-4ee7-97d6-82fc0534a289;0a3f5084-e5f0-32b8-e044-0003ba298018;1662026;510;48;48;;;1970;1978;7;1;;POINT(659324.17 6193703.81);5;6
006e58e4-82e5-43bb-b702-a0d846f07bcf;0a3f5082-c562-32b8-e044-0003ba298018;1994406;211;95;;164;;1921;;9;;;POINT(648230.22 6181908.82);5;6
006fbf23-2ce0-451e-899a-c69910d44060;0a3f5082-b8d2-32b8-e044-0003ba298018;1985035;510;73;63;;;1971;1973;7;1;2;POINT(651742.24 6188325.23);5;6
00722236-d610-491b-9799-28b422bd521c;0a3f5084-c6c1-32b8-e044-0003ba298018;1647468;510;66;64;;;1989;;7;1;2;POINT(658584.19 6196819.93);5;6
00743ac0-11d1-4f59-99ce-f0dc06f4ea6b;0a3f5084-f368-32b8-e044-0003ba298018;1658762;510;100;100;;;2015;;7;1;;POINT(643075.23 6206447.36);5;6
0075888b-fea7-4a45-aa67-da8526cfa15e;0a3f5084-d8ff-32b8-e044-0003ba298018;1643909;120;123;163;;;1900;1997;7;1;2;POINT(664245.64 6194093.32);5;6
00759e9b-fa2b-441d-8c38-c63d0202d7ae;0a3f5084-c636-32b8-e044-0003ba298018;1650168;510;72;72;;;1976;1983;7;1;;POINT(659666.31 6198569.39);5;6
0075e7e9-68de-4ec0-8a63-8035bfcd560d;0a3f5083-c8c7-32b8-e044-0003ba298018;2592247;140;584;584;;;1954;;1;;;POINT(666760.53 6198937.82);5;6
0076245a-05fb-4f6f-b3af-a26c12d2c3ac;0a3f5083-ecdc-32b8-e044-0003ba298018;1046419;510;88;66;;;1927;;3;4;;POINT(666831.93 6202940.98);5;6
00786703-9a87-4b17-8f47-89fc82933aa2;0a3f5084-d0ee-32b8-e044-0003ba298018;1661779;510;50;50;;;1966;;7;1;;POINT(658883.73 6193831.17);5;6
00798977-d6ea-4fca-91d0-71ec88daa9e6;0a3f5084-c759-32b8-e044-0003ba298018;1660843;290;136;;136;;1897;;9;;;POINT(664792.71 6193214.09);5;6
007a24fc-e6d2-4e5b-af42-034f29b5bcd1;0a3f5084-cd67-32b8-e044-0003ba298018;1655358;510;56;56;;;1976;;7;1;;POINT(663513.13 6201957.64);5;6
007a2807-f6ef-4503-ab32-b01c6af6048d;7e4cdcad-26e8-486b-b396-36ab4e3e5336;100090953;510;79;79;;;2016;;5;1;2;POINT(643009.58 6206436.03);5;6
007a737b-406d-4526-a975-01dd68325969;0a3f5083-c8f9-32b8-e044-0003ba298018;100103314;430;834;112;967;;1915;1986;1;;;POINT(666225.89 6199405.81);5;6
007d2e33-df87-4ce6-9943-d77dce5116ba;0a3f5084-cd52-32b8-e044-0003ba298018;1649577;510;75;75;;;1983;2012;5;1;2;POINT(658632.83 6198333.89);5;6
007f4a97-ca6f-4b85-b231-5d89436e3e35;0a3f5084-c520-32b8-e044-0003ba298018;1646948;120;98;163;;;1917;;2;3;90;POINT(661620.51 6197145.05);5;6
007f5645-ce16-4d1f-bfe6-4bd29752df3e;0a3f5084-ecf6-32b8-e044-0003ba298018;1644166;120;100;100;;;1960;;2;3;2;POINT(665983.13 6195845.18);5;6
00802391-a836-4895-b4f4-b7a9cd3d6fa7;0a3f5084-d845-32b8-e044-0003ba298018;1660092;510;64;64;;;1972;2003;7;1;;POINT(644771.24 6206518.38);5;6
0081b6c1-e945-4329-b5ad-cf676ca7fbc6;0a3f5082-bdd4-32b8-e044-0003ba298018;1987412;223;244;;244;;1930;1956;2;3;;POINT(651604.78 6190478.62);5;6
008327f9-4c8f-46d7-a386-82a91974e4f7;0a3f5084-f961-32b8-e044-0003ba298018;1663877;320;671;;671;;;2007;;;;;;12
00836c51-c9f4-4ff7-bff1-d7295e37d6cb;0a3f5083-e664-32b8-e044-0003ba298018;1049099;510;102;102;;;1965;2011;7;1;2;POINT(666152.22 6201871.83);5;6
00844333-d89f-46fa-abf9-0d96408a07e2;0a3f5082-aa40-32b8-e044-0003ba298018;1984453;510;11;11;;;1992;;9;;90;POINT(656789.9 6186025.33);5;6
0084ab29-48f4-4058-a5b4-b9b6118953f6;0a3f5082-c61d-32b8-e044-0003ba298018;1992195;510;63;63;;;1962;;7;1;2;POINT(661039.79 6185021.79);5;6
0085cd36-f248-4e63-af8e-ac24dd6cc0fe;0a3f5084-fab8-32b8-e044-0003ba298018;1658168;510;8;8;;;;;;;;;;9
00870d0d-129f-4eb1-ae1f-f02c65c869dc;0a3f5084-e18c-32b8-e044-0003ba298018;1644237;120;200;180;;;1969;1988;1;;;POINT(662659.54 6195448.93);5;6
0087dc1b-711b-449d-bf00-4850a7c493f1;0a3f5084-f4dc-32b8-e044-0003ba298018;1662273;585;16;16;;;1999;;7;1;;POINT(657470.77 6192367.21);5;6
00882d30-7fef-49bb-ab9e-49b073ca75b3;0a3f5084-c6dc-32b8-e044-0003ba298018;1658423;510;44;44;;;1950;1976;3;3;;POINT(642884.08 6207752.28);5;6
00888ffd-034f-4c7c-90ed-0805a7663990;0a3f5082-bcb0-32b8-e044-0003ba298018;1982955;510;55;55;;;1977;;7;1;2;POINT(657137.31 6191260.66);5;6
008958aa-2b44-41e0-8986-08b33cf87210;0a3f5084-c753-32b8-e044-0003ba298018;1663123;120;30;52;;;;2011;;;;;;9
0089f71b-99d6-4a3e-b8d9-e6f1aabcb7fc;0a3f5082-b351-32b8-e044-0003ba298018;1990776;120;118;162;;;1880;1995;3;3;2;POINT(661070.51 6187739.53);5;6
008a6f71-abdc-450a-8c68-ad51fb7a0d78;0a3f5082-bc66-32b8-e044-0003ba298018;1987916;120;120;120;;;1971;;2;7;2;POINT(654256.9 6184575.02);5;6
008d9c48-5a77-45e4-a676-21ad20356230;0a3f5084-e1f5-32b8-e044-0003ba298018;1654536;585;16;16;;;1996;;7;1;90;POINT(664489.09 6201603.29);5;6
008dd25d-ed33-492f-b4d0-87e4bc4cc3f7;0a3f5084-fb2b-32b8-e044-0003ba298018;1655608;510;71;71;;;1989;;7;1;;POINT(663964.36 6201953.15);5;6
00904142-620a-42ce-9332-a7a4367cbfb0;0a3f5084-b93b-32b8-e044-0003ba298018;1649440;510;67;67;;;1981;;7;1;2;POINT(658116.45 6199059.86);5;6
0090d933-ebc6-49ae-b255-44c988fdd658;0a3f5084-c43c-32b8-e044-0003ba298018;1658764;510;68;68;;;1999;2002;7;1;2;POINT(643065.94 6206690.53);5;6
00914dca-7d2d-4cb5-bd33-305d4854d8d5;0a3f5082-aaf1-32b8-e044-0003ba298018;1993021;216;60;;60;;1981;;9;;;POINT(653017.19 6182087.99);5;6
0091b52d-020d-4c5a-80aa-c396e09226b9;0a3f5084-f9f7-32b8-e044-0003ba298018;1654939;210;42;;42;;1900;;9;;;POINT(662669.57 6201825.72);5;10
0091f8a3-fb42-4b63-b08f-2b1ffa5eb97f;0a3f5083-d12a-32b8-e044-0003ba298018;1044925;510;94;94;;;1968;2006;7;1;2;POINT(671993.9 6205776.94);5;6
00927d2a-83ea-4446-b43b-da8486ac74f2;0a3f5084-e4de-32b8-e044-0003ba298018;1650236;213;88;;88;;1924;;9;;;POINT(658997.56 6202282.04);5;6
0092fbae-a69b-42fa-aa22-a2786ad79741;0a3f5084-f386-32b8-e044-0003ba298018;1661245;510;82;82;;;1983;2011;7;1;2;POINT(658397.94 6192610.64);5;6
009523fc-f02b-4e01-955c-64355b4a8331;0a3f5084-f541-32b8-e044-0003ba298018;1647801;510;;;;;;;;;;;;9
0095825e-5827-46ae-be91-abb042ebf7db;0a3f5083-e067-32b8-e044-0003ba298018;1049054;510;118;112;;;2009;;7;1;2;POINT(666252.22 6202046.69);5;6
00958657-8188-42e3-b8ce-1e34bd347631;0a3f5082-a044-32b8-e044-0003ba298018;1992354;585;20;20;;;1969;;7;1;;POINT(663626.35 6184455.84);5;6
0095dac5-a4c8-4b6a-a390-0deddee192e3;0a3f5083-ebe8-32b8-e044-0003ba298018;1044402;120;121;202;;;1978;2002;2;3;2;POINT(671738.19 6203082);5;6
0095de1d-fc2e-4bf1-bb41-5eda0ed0e3d3;;1647736;510;;;;;;;;;;;;9
009a7082-25d0-4138-a75f-1a70ede58da0;0a3f5082-ac2d-32b8-e044-0003ba298018;1988522;120;158;158;;;1958;;2;3;;POINT(656799.73 6184133.1);5;6
009c49b7-5d17-4cc3-bc30-ee21ac227613;0a3f5083-d20a-32b8-e044-0003ba298018;2569951;590;129;;129;;1939;;9;;;POINT(667048.7 6200339.52);5;6
00a0437d-ce86-47d1-9fe8-864bb19439aa;0a3f5082-c53e-32b8-e044-0003ba298018;1982127;140;464;464;;;2018;;5;1;;POINT(656601.8 6188130.76);5;6
00a08883-7244-4130-b078-9200d78395e5;0a3f5084-fdf7-32b8-e044-0003ba298018;1656476;510;-19;-19;;;;;;;;;;9
00a0e5e6-70e1-45e3-8ac7-1b3e62cbf3ca;0a3f5082-a324-32b8-e044-0003ba298018;1993029;210;;;;;;;;;;;;9
00a11384-d293-42e8-b564-e34840eebb1f;0a3f5083-cb58-32b8-e044-0003ba298018;1041781;510;66;66;;;1982;2005;7;1;2;POINT(669319.81 6203275.93);5;6
00a1542e-a734-49d2-bf5f-c32bd584a107;0a3f5084-fc93-32b8-e044-0003ba298018;1663188;510;65;65;;;1958;1973;7;1;;POINT(658129.88 6193525.54);5;6
00a23388-dceb-440c-a58e-765b034706b1;0a3f5084-eb4b-32b8-e044-0003ba298018;1658412;510;82;116;;;1974;1992;7;1;2;POINT(642895.03 6207623.08);5;6
00a3d5a9-bbf5-4b77-ab21-70f0f469a8b0;0a3f5084-ef3b-32b8-e044-0003ba298018;1645316;510;45;45;;;;2014;7;1;;;;9
00a46a02-4065-40dc-aaa2-7f30f4ae45c8;0a3f5082-c3f1-32b8-e044-0003ba298018;1989642;510;91;91;;;1965;;7;1;;POINT(653676.89 6191474.95);5;6
00a4f588-8b5d-44f7-a8ed-6239b1bda44e;0a3f5082-b0d8-32b8-e044-0003ba298018;1985669;510;18;18;;;1937;;9;;;POINT(649186.49 6187675.86);5;6
00a52912-4a6a-4032-8cc8-e5c893b3a7d7;0a3f5082-b187-32b8-e044-0003ba298018;2590324;120;262;177;;;2003;;2;7;90;POINT(655833.32 6188866.3);5;6
00a5d5fb-b5e1-497f-9690-858f5aa2cf97;0a3f5084-ee69-32b8-e044-0003ba298018;1661236;510;68;68;;;1963;1973;7;1;;POINT(658396.58 6193505.63);5;6
00a6a2a6-12a6-4edd-a6ff-721334b44abc;0a3f5084-dfcc-32b8-e044-0003ba298018;1650586;510;74;70;;;2015;;7;1;2;POINT(659121.1 6198197.19);5;6
00a6a915-52cb-4046-a18a-f56a8fae7091;0a3f5084-fea3-32b8-e044-0003ba298018;1650752;510;19;19;;;1970;1981;7;1;90;POINT(658792.51 6197689.45);5;6
00a79295-ce9f-436c-89f3-f01377ea0d83;0a3f5083-c938-32b8-e044-0003ba298018;1046195;410;114;;114;;1973;;2;3;;POINT(666572.73 6198595.3);5;6
00a912ba-19ef-49f0-8d7f-9ea9fe2c399e;0a3f5082-cbfc-32b8-e044-0003ba298018;1983474;510;55;55;;;1951;1991;3;4;;POINT(656991.95 6191917.93);5;6
00a9801e-b3a8-4c36-9c3b-c07e30d4476c;0a3f5083-ca96-32b8-e044-0003ba298018;1042786;510;;;;;;;;;;;;9
00aadf17-2ef0-416d-95ed-9df8acb13230;9838a4a2-747c-43d9-be78-1546d083ea31;1661128;510;230;230;;;1995;2010;7;1;2;POINT(658531.3 6193032.94);5;6
00ae4b0b-2aa5-4c6d-938a-5211f0d9eab3;0a3f5082-c769-32b8-e044-0003ba298018;1986571;510;;16;;;;2010;;;;;;3
00ae9cc5-e52b-451e-9a4e-92fbc9f38441;0a3f5083-e380-32b8-e044-0003ba298018;1044904;510;75;75;;;;2017;;;;;;9
00aefe3e-441b-4ee8-9a7e-4439f45afddd;0a3f5085-0143-32b8-e044-0003ba298018;1656838;510;57;57;;;1962;;7;1;;POINT(658470.81 6199820.49);5;6
00af51a7-1ff5-401a-8f3b-0b0828b617bc;0a3f5082-c2f8-32b8-e044-0003ba298018;1992578;510;131;131;;;1979;2016;5;1;2;POINT(663788.25 6185431.88);5;6
00afa1bc-9be4-45be-8117-5853e8f4666d;0a3f5084-d946-32b8-e044-0003ba298018;1647519;510;88;88;;;1957;2009;5;1;2;POINT(658542.68 6196057.25);5;6
00b0f56c-b1d9-4b9f-acf4-7713e2fea04b;0a3f5083-d173-32b8-e044-0003ba298018;1049600;229;57;;57;;1981;;9;;;POINT(666924.62 6199984.54);5;6
00b0fc15-968c-48e7-811c-f201063909d2;0a3f5082-cb05-32b8-e044-0003ba298018;1988223;120;168;168;;;1970;1997;2;7;;POINT(655146.51 6185204.52);5;6
00b434c7-4d47-401d-9fa7-2a75d4f487ac;0a3f5084-f441-32b8-e044-0003ba298018;1649794;210;84;;84;;1991;;9;;90;POINT(659576.1 6199614.85);5;6
00b4629b-09e8-4671-971c-0e83aa46c613;0a3f5083-e22b-32b8-e044-0003ba298018;1041414;510;44;44;;;1940;1970;7;1;;POINT(669213.04 6202367.1);5;6
00b53c72-b4cf-4e3f-acb5-dab51879b192;0a3f5084-d26a-32b8-e044-0003ba298018;1653230;510;88;88;;;1979;;7;1;2;POINT(656480.05 6201862.24);5;6
00b67660-5ae6-4e46-a4c9-a07a8dcc6610;0a3f5084-d8f5-32b8-e044-0003ba298018;1662832;210;240;;240;;1925;;9;;90;POINT(663264.93 6194502.3);5;6
00b6dfc7-dfba-4040-9820-2c5aad1a4071;0a3f5084-c54d-32b8-e044-0003ba298018;1663210;585;28;28;;;1996;;9;;90;POINT(658061.96 6193039.83);5;6
00b6eb3a-a26a-43e4-8907-8290858d295d;0a3f5083-d764-32b8-e044-0003ba298018;1043327;510;37;37;;;1956;;3;9;;POINT(670886.58 6203401.48);5;10
00b7e30d-9bbb-4a19-97a1-ef076a26bf83;0a3f5084-c74a-32b8-e044-0003ba298018;1663013;120;166;274;;;1880;;2;4;;POINT(663737.81 6192957.77);5;6
00b83c7e-a563-44d7-98fb-84f889e93621;0a3f5084-fc3d-32b8-e044-0003ba298018;1662290;585;43;43;;;1997;;7;1;90;POINT(657428.45 6193099.23);5;6
00bc3bf9-5130-4fd5-86d6-8c327652f2a3;0a3f5083-e272-32b8-e044-0003ba298018;1043395;220;93;;93;;1984;2016;7;1;;POINT(670823.81 6203617.47);5;6
00bd03a2-1a14-41ff-9b9a-83a816b18698;0a3f5084-dc93-32b8-e044-0003ba298018;1656248;510;80;80;;;2008;;7;1;;POINT(658814.89 6200637.91);5;6
00bdd360-d424-40bc-a280-a4442b9faa21;0a3f5082-c4ab-32b8-e044-0003ba298018;1983727;510;71;71;;;1971;;7;1;;POINT(657377.47 6192018.01);5;6
00bdf875-8fb9-4857-a937-81947050bec2;0a3f5082-bc1f-32b8-e044-0003ba298018;1984506;210;-45;;-45;;;;;;;;;9
00bee02a-7744-4039-bfb9-a2152b84104d;0a3f5084-d034-32b8-e044-0003ba298018;1655022;510;52;52;;;1967;;7;1;;POINT(663283.38 6201350.05);5;6
00bf7249-750c-4367-a76e-0dbcf0b13d9b;0a3f5084-ba78-32b8-e044-0003ba298018;1643893;120;84;94;;;1880;;2;3;;POINT(664554.51 6194618.54);5;6
00c05a04-8eff-4208-b6ad-86d86cb51db2;0a3f5084-dfaf-32b8-e044-0003ba298018;1663720;120;140;140;;;1978;;1;;;POINT(661720.56 6192803.52);5;6
00c06c19-2db5-4bae-873e-d912520d914b;0a3f5084-bb55-32b8-e044-0003ba298018;1658099;510;86;86;;;1995;;7;1;2;POINT(653170.24 6203685.92);5;6
00c0c7f8-0879-4747-9ab7-ff193502dd20;0a3f5083-dceb-32b8-e044-0003ba298018;1050085;585;7;7;;;1978;;9;;;POINT(667894.42 6202215.38);5;6
00c21f13-18ed-4eb4-bd42-e94bbc8bc021;0a3f5084-ec16-32b8-e044-0003ba298018;1659488;510;80;68;;;;2009;;;;;;9
00c25894-673f-436c-b240-d5d2b0bb1111;0a3f5083-d179-32b8-e044-0003ba298018;1048876;510;138;138;;;1961;;7;1;2;POINT(665680.1 6201978.5);5;6
00c47ae9-687a-400d-a630-de861851cef2;0a3f5083-e711-32b8-e044-0003ba298018;1043905;510;58;73;;;1928;;7;1;2;POINT(671299.18 6204736.97);5;6
00c48993-181b-46b9-bfcc-df5701726afb;0a3f5084-f49b-32b8-e044-0003ba298018;1655832;120;55;55;;;1860;;2;3;;POINT(664672.97 6199008.62);5;6
00c6b0d7-cce0-4ed4-a7fe-9c8176c649f8;0a3f5084-ebba-32b8-e044-0003ba298018;1652223;510;70;70;;;1974;;7;1;2;POINT(661244.32 6203454.69);5;6
00c6ee85-6c83-452a-9fe8-720edebda01a;0a3f5084-da5b-32b8-e044-0003ba298018;1659491;510;55;55;;;1972;;7;1;2;POINT(644225.21 6206157.63);5;6
00c87227-a4ca-4643-888f-623c43a5c4f0;0a3f5084-f181-32b8-e044-0003ba298018;1660158;510;50;50;;;1968;;3;4;;POINT(645974.39 6205152.53);5;6
00c9cf82-1306-42a3-8d34-2704bfd57a67;0a3f5083-e940-32b8-e044-0003ba298018;1047383;120;110;197;;;2001;;1;;90;POINT(666134.67 6200301.57);5;6
00ca4564-378d-4b0f-8d40-cab7067de326;0a3f5084-dec2-32b8-e044-0003ba298018;1658300;585;16;16;;;1972;;9;;;POINT(653629.76 6204068.92);5;6
00cb10ac-29ab-4abb-9451-e1677b4dc6b6;0a3f5082-9f56-32b8-e044-0003ba298018;1986071;510;136;136;;;1972;2015;5;1;2;POINT(650400.97 6188861.7);5;6
00cb7978-4d63-404d-90f2-c7ba81da5cc8;0a3f5082-b71d-32b8-e044-0003ba298018;2608157;110;161;161;;;1790;1960;5;1;2;POINT(654554.83 6179849.54);5;6
00cb8373-7706-4fff-a96b-191af1fa8f3b;0a3f5084-c9ae-32b8-e044-0003ba298018;1647122;510;50;50;;;1953;;7;1;2;POINT(658490.32 6195668.05);5;6
00cda716-b8d0-45f7-a279-d8e9fd7cb60e;0a3f5083-ccfc-32b8-e044-0003ba298018;1041944;510;70;70;;;1957;1975;7;1;;POINT(669624.11 6203188.13);5;6
00ce3e6d-7db7-4313-8b7d-03249bdcf065;0a3f5082-bf5c-32b8-e044-0003ba298018;1992734;220;151;;151;;1933;;9;;90;POINT(661236.29 6188973.43);5;6
00ceaf46-9062-4717-84fa-fae6f6f97af6;19910d90-0070-41c9-e044-0003ba298018;2655583;510;137;137;;;2011;;5;1;2;POINT(663693.19 6202719.69);5;6
00d16091-80d0-46d1-a754-8c010c8f0d56;0a3f5084-cc5c-32b8-e044-0003ba298018;1646245;510;121;58;;;1967;2014;3;4;;POINT(653869.28 6203740.87);5;6
00d22883-09a8-4c34-ab1f-f5a5f9702204;0a3f5084-e5dd-32b8-e044-0003ba298018;1658928;310;50;;50;;1982;1987;7;1;;POINT(643494.76 6205863.01);5;10
00d30797-70f9-4813-8755-b22ebe718a7c;0a3f5082-b7a7-32b8-e044-0003ba298018;1984518;211;76;;76;;1950;;9;;;POINT(658255.08 6186276.84);5;6
00d51af7-15be-4d55-98f6-970d457e00d0;0a3f5083-d1ad-32b8-e044-0003ba298018;1050029;510;80;80;;;1960;2016;7;1;;POINT(667934.22 6202118.21);5;6
00d5470a-c4da-4644-a982-47f89846bc57;0a3f5082-c339-32b8-e044-0003ba298018;1984100;120;80;80;;;1910;;5;1;7;POINT(656454.39 6187643.96);5;6
00d6668e-c255-4300-841e-5c9ba0b0fe27;0a3f5082-c6a2-32b8-e044-0003ba298018;1984511;210;100;;100;;1908;;9;;;POINT(658109.25 6185872.01);5;6
00d68889-af5a-40b5-8725-275b92075c75;0a3f5083-ce8a-32b8-e044-0003ba298018;1049664;120;80;110;;;1941;;1;;;POINT(666768.29 6200162.69);5;6
00d8dce1-af36-4575-adc0-9fcefad24403;0a3f5084-d6c6-32b8-e044-0003ba298018;1653150;510;57;54;;;1977;;7;1;;POINT(663298.84 6202652.33);5;6
00db9062-e07e-4994-b371-5948ca519b1d;0a3f5084-e5a2-32b8-e044-0003ba298018;1657165;510;62;62;;;2006;;3;4;4;POINT(648164.22 6205088.03);5;6
00dbe2e8-b893-4255-ab68-146818bfb693;0a3f5083-dfe3-32b8-e044-0003ba298018;1046284;510;64;64;;;1950;1999;3;4;7;POINT(667186.25 6202736.15);5;6
00e02597-1bbe-4bb5-a49f-d6855bd44e62;0a3f5084-e537-32b8-e044-0003ba298018;1653502;210;396;;396;;1972;;9;;;POINT(657069.71 6202583.37);5;6
00e2ce08-0d1d-4e9a-82ab-43a97de5f932;0a3f5084-f0a0-32b8-e044-0003ba298018;1648276;510;52;52;;;1944;1973;7;1;2;POINT(659004.51 6195731.32);5;6
00e5659c-18bb-43d2-8096-0f0597f41fb0;263ac840-947a-4c26-b5f1-c8cb57baf48c;1652675;210;60;;60;;1932;;9;;;POINT(662274.58 6203316.05);5;10
00e81301-d4cc-4343-b4f0-7b06d07b3236;0a3f5084-d2f4-32b8-e044-0003ba298018;1650993;510;58;58;;;1992;;7;1;2;POINT(659318.86 6198064.94);5;6
00e8397c-b672-4fb3-b783-5104ac2d44d2;0a3f5084-f2dc-32b8-e044-0003ba298018;1660071;510;72;72;;;2016;;7;1;2;POINT(644804.12 6205928.54);5;6
00e8b803-d9be-4c46-9729-ac8335c77bab;0a3f5085-0109-32b8-e044-0003ba298018;1647832;510;49;49;;;1963;1973;7;1;;POINT(658663.13 6197033.67);5;6
00e8d1d0-caa6-49e0-9e62-d4ad067e6853;0a3f5084-d735-32b8-e044-0003ba298018;1652711;120;144;240;;;1970;2015;2;4;;POINT(662241.11 6203428.96);5;6
00e975ab-ff54-4810-89b3-3e7d80de5130;0a3f5084-d277-32b8-e044-0003ba298018;1651700;120;110;140;60;;1952;;1;;;POINT(662907.98 6199128.19);5;6
00ed2196-6978-43a2-89ec-b2693f12fb58;0a3f5083-d829-32b8-e044-0003ba298018;1048998;585;75;75;;;2012;;5;1;2;POINT(665455.39 6202098.43);5;6
00ed5128-dd35-4976-b3f7-5340a252ad0e;0a3f5084-e85d-32b8-e044-0003ba298018;1652019;510;87;87;;;1977;;7;1;;POINT(661581.61 6203775.49);5;6
00edf647-cc01-4306-97ce-e147493515b1;0a3f5083-cb11-32b8-e044-0003ba298018;1042773;510;109;109;;;2014;;7;1;2;POINT(670451.74 6203335.05);5;6
00efb871-a85b-46b2-af2b-9eddff7e58da;0a3f5084-f648-32b8-e044-0003ba298018;1660127;110;140;180;;;1897;;7;1;;;;10
00f15c54-5a9a-4eda-a84f-1db7c6c9d1ee;0a3f5084-f1d4-32b8-e044-0003ba298018;1656205;217;368;;368;;1990;;9;;;POINT(659505.46 6200877.66);5;6
00f16db0-a341-42f0-9a10-914297ac4f1e;0a3f5082-9d6b-32b8-e044-0003ba298018;1983448;130;174;154;;;1987;1991;7;1;;POINT(656074.55 6188768.57);5;6
00f36ff9-6e9b-46c9-b847-1968bbd105c9;0a3f5084-ff45-32b8-e044-0003ba298018;1648052;510;86;86;;;;;7;1;;POINT(658888.94 6194473.52);5;2
00f503b5-2a12-4ef1-9227-724358ea4dff;0a3f5084-d93d-32b8-e044-0003ba298018;1647718;510;58;58;;;1946;2000;7;1;;POINT(658732.96 6196001.21);5;6
00f56553-b263-42e6-abaa-e825799973d7;0a3f5082-a4a0-32b8-e044-0003ba298018;2644504;510;126;121;;;2007;;7;1;2;POINT(654272.09 6191230.09);5;6
00f5ab22-4271-4118-ba22-8cd89c91e578;0a3f5082-aa4d-32b8-e044-0003ba298018;2628136;510;88;84;;;2005;;7;1;2;POINT(656712.37 6192205.76);5;6
00f5ef4d-007c-4559-a337-f06bbef1c47b;0a3f5083-d606-32b8-e044-0003ba298018;1044911;510;;;;;;;;;;;;9
00f73e27-35ed-4343-8731-1f87624c2872;0a3f5082-a022-32b8-e044-0003ba298018;1994091;120;135;228;;;1908;;5;1;2;POINT(651796.52 6182240.62);5;6
00f7bed0-fd1c-4d71-9918-a58a97bc37d0;0a3f5084-e5e2-32b8-e044-0003ba298018;1646180;510;94;92;;;2004;2018;7;1;2;POINT(653987.89 6203514.83);5;6
00f8e2c3-8989-4a46-9ab9-55b31c8a3ec2;0a3f5084-c4e0-32b8-e044-0003ba298018;1648079;510;46;46;;;1978;1998;7;1;;POINT(658863.09 6196204.34);5;6
00fcbe49-efe4-4074-9086-a20ccc6f0fed;0a3f5084-ce6b-32b8-e044-0003ba298018;1649497;530;81;;55;;1970;;7;1;;POINT(658058.71 6198641.99);5;6
00fd2b87-cd65-4e05-8905-88f16f9bb705;0a3f5085-00f8-32b8-e044-0003ba298018;1654237;510;43;43;;;;;;;;;;3
00fde548-80d2-4da9-a191-c16ebe916642;0a3f5084-e1ee-32b8-e044-0003ba298018;1654517;510;61;61;;;1971;2001;3;3;2;POINT(664534.35 6201536.2);5;6
00fe1f37-e0c6-40e2-8f1d-89af4bea9484;0a3f5084-ee55-32b8-e044-0003ba298018;1649020;585;13;13;;;1978;;7;1;;POINT(659590.64 6197928.22);5;6
00fe7b09-cb3a-45e3-ae92-e25381da9368;4eca26b5-e943-6765-e044-0003ba298018;1991251;210;85;;85;;1870;;9;;;POINT(663555.77 6185759.06);5;10
01010775-1786-4fdb-aa61-1a215b1b7fcc;0a3f5084-bc17-32b8-e044-0003ba298018;1647590;510;50;50;;;1965;;7;1;2;POINT(658502.11 6196383.84);5;6
0101b7d0-8ad9-4f80-b8ac-dfbc775edf3e;0a3f5084-da2d-32b8-e044-0003ba298018;1649508;510;79;79;;;1962;2015;7;1;2;POINT(658763.63 6198494.03);5;6
010245aa-f7e9-4048-ac93-5c6176cd4f33;0a3f5084-be5e-32b8-e044-0003ba298018;1653738;510;;;;;;;;;;;;9
01026857-e35b-4ccb-af4d-a45922914d57;0a3f5083-e653-32b8-e044-0003ba298018;1050110;120;15;15;;;;2005;;;;;;3
01037f3c-2d91-4c03-add0-ee78b9a3a35c;0a3f5082-c7d3-32b8-e044-0003ba298018;1993429;120;36;36;;;;2015;;;;;;9
01049f4c-6e11-4fbb-8fa5-e5eec6b7f65d;0a3f5082-b471-32b8-e044-0003ba298018;1990543;130;568;532;;;1987;;1;;7;POINT(659956.15 6186631.97);5;6
0105244c-1154-4b3e-bd89-301c75f79fcc;0a3f5084-e168-32b8-e044-0003ba298018;1645577;290;105;;105;;1984;;9;;;POINT(666512.76 6191501.35);5;6
01059c49-7f50-41a0-b080-c33c9e5347b6;0a3f5084-e7a5-32b8-e044-0003ba298018;1659782;510;20;20;;;1951;;7;1;;POINT(644525.61 6206523.69);5;6
0105bb75-5a7f-41af-b75c-747b7959498f;0a3f5083-de7e-32b8-e044-0003ba298018;1044488;510;40;40;;;1962;;3;4;90;POINT(671995.28 6204807.12);5;6
0105fae6-e478-49eb-99af-2ba09732e8d2;0a3f5083-d3db-32b8-e044-0003ba298018;1045911;140;112;65;47;;1980;;1;;;POINT(666884.76 6200671.44);5;6
0105fec8-1915-4df8-b424-59d6eccd2317;0a3f5084-c519-32b8-e044-0003ba298018;1646967;310;162;;162;;1966;;7;1;;;;10
010627a0-269c-4735-b89b-2fc463119bda;0a3f5082-ca32-32b8-e044-0003ba298018;2620486;120;188;132;;;2006;2008;2;7;;POINT(655978.85 6188654.73);5;6
0106c277-bde4-40a8-9581-bb6ab3a11ae1;0a3f5084-d732-32b8-e044-0003ba298018;1652933;120;58;82;;;1923;1953;7;1;1;POINT(662794.67 6203072.15);5;6
01071570-08b3-4678-9210-780dcd35d377;0a3f5083-d39c-32b8-e044-0003ba298018;1047372;120;62;90;;;1955;;1;;;POINT(666157.61 6200734.91);5;6
010734f6-d4ce-4d85-a8f0-297e9de0e01e;0a3f5082-b579-32b8-e044-0003ba298018;1983037;120;95;152;;;1910;2003;2;3;;POINT(655799.97 6190590.19);5;6
0107b44f-0461-49dc-bbd4-32fd322215d6;0a3f5084-ff49-32b8-e044-0003ba298018;1647893;510;55;55;;;1988;;7;1;90;POINT(658985.19 6194435.57);5;6
010880a8-1bca-46ed-9cda-c2350801ba10;0a3f5084-cb9b-32b8-e044-0003ba298018;1644076;140;234;239;142;;1888;1974;2;3;;POINT(662883.37 6195183.9);5;6
01093e2c-1e27-4ea3-be35-b917f573ccea;0a3f5083-d441-32b8-e044-0003ba298018;1044330;510;40;40;;;1961;;7;1;;POINT(671766.38 6203766.88);5;6
0109523e-0f82-4118-a0d8-be551fab4560;0a3f5084-e766-32b8-e044-0003ba298018;1646295;510;58;58;;;1992;;7;1;;POINT(654812.3 6203199.81);5;6
010a9071-8f60-45cb-b926-03950f1753ec;0a3f5082-a2d2-32b8-e044-0003ba298018;1983960;510;;;;;;;;;;;;11
010b93c8-eb9a-48b1-8d72-1d8d1ad5b8d8;0a3f5082-c4a1-32b8-e044-0003ba298018;1983756;510;72;120;;;1982;1994;7;1;2;POINT(657316.33 6192110.15);5;6
01107b91-c555-42ad-8b9f-289de35c134f;0a3f5082-b469-32b8-e044-0003ba298018;1990625;120;159;244;;;1980;1984;7;1;;POINT(659837.24 6186566.44);5;6
01112df8-3399-4ac2-8bc7-8b4f213aeccd;0a3f5084-e47f-32b8-e044-0003ba298018;1656294;510;64;64;;;1967;;7;1;;POINT(658714.49 6200349.07);5;6
0112776a-46dd-4edd-a2cc-08758a33f44c;0a3f5084-f9b2-32b8-e044-0003ba298018;1651418;130;64;64;;;1989;;1;;90;POINT(662432.15 6199080.05);5;6
0113f658-689c-48b7-9029-4bdf86b2749b;0a3f5084-f6b8-32b8-e044-0003ba298018;1659564;585;17;17;;;;2017;9;;;;;9
0114af56-5776-4982-b1ba-d8f88451bd06;0a3f5082-ca67-32b8-e044-0003ba298018;1992094;510;29;29;;;1967;;7;1;;POINT(663199.24 6184551.82);5;6
0114d9dd-4e1e-4c1f-a9e8-f98b88757236;0a3f5084-cdda-32b8-e044-0003ba298018;100081651;110;13;13;;;;2018;;;;;;9
011b8e9d-e55d-43ff-8fa6-ab50f67e121c;0a3f5083-db4b-32b8-e044-0003ba298018;1042864;510;95;70;;;1969;2000;7;1;2;POINT(670347.74 6202587.6);5;6
011cb2ab-e193-43b0-8ab3-0b32234a6e38;0a3f5082-c35f-32b8-e044-0003ba298018;1991661;585;30;30;;;2009;;5;1;;POINT(659592.89 6185241.71);5;6
011ce12f-c300-452c-b56c-db4cc7e1a277;0a3f5083-c8e0-32b8-e044-0003ba298018;2592257;430;586;;762;;1915;;1;;;POINT(666603.62 6199031.29);5;6
011d5244-1f52-48b8-82d7-b020ee7ed670;0a3f5084-c4cf-32b8-e044-0003ba298018;1646750;217;133;;133;;2014;;9;;;POINT(660168.38 6198213.35);5;6
011efc54-9b5d-4606-8598-1b24b89b96e2;0a3f5082-c761-32b8-e044-0003ba298018;1994523;120;136;169;41;;1870;;2;7;;POINT(652362.38 6180244.69);5;6
011f98fb-a244-4845-847c-1bdac28831ab;0a3f5084-c571-32b8-e044-0003ba298018;1644707;510;65;65;;;2006;;7;1;;POINT(666980.14 6189208.51);5;6
01207044-0d32-4704-a1ae-7f40cac0e91b;0a3f5082-c8c5-32b8-e044-0003ba298018;1994621;110;154;270;;;1914;1990;2;9;;POINT(652122.25 6180279.93);5;6
0121f07e-8620-4107-a99a-e6a4d8c1ba1f;0a3f5083-ca54-32b8-e044-0003ba298018;1043718;510;90;90;;;1967;1991;7;1;2;POINT(671001.45 6203699.35);5;6
0127601d-26d1-45c7-903b-0b746ec621b0;0a3f5082-a578-32b8-e044-0003ba298018;1986929;510;61;61;;;1978;2000;7;1;2;POINT(651004.53 6187821.31);5;6
0127dc0f-d053-48cb-b23c-b0320d1e604a;0a3f5084-f62a-32b8-e044-0003ba298018;1657130;210;126;;126;;1914;;9;;;POINT(648656.16 6203606.08);5;10
01290e7c-023c-422d-baab-3c622f30f84a;0a3f5084-d772-32b8-e044-0003ba298018;1652028;120;139;139;;;2014;;5;1;4;POINT(661566.33 6203967.52);5;6
012979ce-8399-403b-8cba-0caa213dba57;0a3f5082-c826-32b8-e044-0003ba298018;1988799;510;49;49;;;;;7;1;2;POINT(652583.59 6190613.34);5;11
012b5b2f-1e2e-4e49-8e13-0599c72464c0;0a3f5082-a24b-32b8-e044-0003ba298018;1985772;510;80;80;;;1949;;3;4;2;POINT(649919.32 6189678.17);5;6
01315aa4-dda2-4e10-865b-0dc303fad777;0a3f5082-9c96-32b8-e044-0003ba298018;1987616;120;80;71;63;;1952;1976;2;7;90;POINT(653070.21 6186722.87);5;6
0132c5c1-767a-42ee-a493-14c60ea9bbf3;0a3f5084-f639-32b8-e044-0003ba298018;1657170;120;94;116;;;1899;1983;7;1;90;POINT(648017.87 6204254.57);5;6
0133953c-51b8-4c01-924e-b9bf1982f698;0a3f5084-f8cd-32b8-e044-0003ba298018;1663961;120;158;158;;;1974;1982;1;;;POINT(662128.1 6192870.33);5;6
013592b2-f691-4caa-a576-d34dfc8b25a4;1357eb80-9dfd-3d79-e044-0003ba298018;1990471;217;259;;259;;1982;;9;;;POINT(663979.88 6187432.26);5;6
013604a0-1a1c-45ce-8319-fbcd9dd3be33;0a3f5084-bf70-32b8-e044-0003ba298018;1658515;585;15;15;;;2008;;9;;90;POINT(642804.27 6207160.71);5;6
0137732f-320d-4975-86fd-cea19fc8bd69;0a3f5084-ff5c-32b8-e044-0003ba298018;1645859;120;157;157;;;1987;;7;1;2;POINT(666760.42 6195841.53);5;6
01383533-8a77-4cbb-b3dd-f11812b4540d;0a3f5083-e399-32b8-e044-0003ba298018;1045164;510;58;58;;;1969;;7;1;;POINT(672307.99 6204412.48);5;6
01392276-0a70-4896-bbb8-7c0bd482eb7c;0a3f5082-c906-32b8-e044-0003ba298018;1985868;510;48;48;;;1962;1967;7;1;2;POINT(649740.37 6189398.52);5;6
013bc64b-0687-4672-9723-740c187aa2b5;0a3f5084-d3cc-32b8-e044-0003ba298018;1661012;510;64;47;;;1966;;3;3;;POINT(658057.97 6192861.52);5;6
0141eb62-4d5d-46f2-95f0-45840fee55d8;0a3f5084-e5b1-32b8-e044-0003ba298018;1660389;120;88;140;;;1933;;7;1;2;POINT(647618.9 6205007.28);5;6
0143c82c-08ae-413f-8e13-342160e42b28;0a3f5084-bf2a-32b8-e044-0003ba298018;1659225;585;14;14;;;1996;;7;1;;POINT(643680.41 6207092.36);5;6
01450267-da70-4cce-b0cc-2a8b6a306207;0a3f5082-aca2-32b8-e044-0003ba298018;1983045;217;351;;351;;1978;;9;;;POINT(655858.82 6190432.82);5;6
01454c50-337d-49c2-8aa6-b2f5c0bb8a46;0a3f5084-c671-32b8-e044-0003ba298018;1650174;510;97;97;;;1969;2014;7;1;2;POINT(659659.64 6198223.34);5;6
0145772f-7bb0-4d3e-8e84-d3a08ccd1d10;0a3f5082-aba1-32b8-e044-0003ba298018;1985322;510;39;35;;;1970;;3;4;;POINT(648921.15 6189384.04);5;6
0145d784-2f00-4a66-a5a1-318ff9d93faa;0a3f5084-f0eb-32b8-e044-0003ba298018;1657205;585;38;24;;;2013;;7;1;;POINT(652155.39 6203548.33);5;6
014639f4-7379-48cd-a4c6-c1478f928cd5;0a3f5082-cbf1-32b8-e044-0003ba298018;1983925;510;56;56;;;1963;2010;3;3;;POINT(657054.43 6191565.88);5;6
01468498-86ed-4b85-bffe-6b0f0e40c99a;1357eb80-9dfb-3d79-e044-0003ba298018;1990465;120;150;241;;;1857;1998;3;3;;POINT(664102.44 6187219.83);5;6
0147f92d-1c04-4033-9795-15c042e53d76;0a3f5083-d738-32b8-e044-0003ba298018;1048671;510;45;45;;;1941;1956;7;1;;POINT(665055.43 6201892.39);5;10
01481988-b6f3-4059-834a-fddd95960753;0a3f5084-e6e3-32b8-e044-0003ba298018;1650509;510;71;71;;;1971;;7;1;;POINT(658270.65 6197876.22);5;6
014ab5fe-c3c1-4248-9a0e-724bd73fb968;0a3f5083-e982-32b8-e044-0003ba298018;1045099;120;236;236;;;1935;2008;5;1;;POINT(672408.38 6203287.36);5;6
014cb7b7-3f66-4c06-9465-c117b95731a2;0a3f5083-ed0e-32b8-e044-0003ba298018;1046365;585;;;;;;;;;;;;11
014d770e-f49e-46c7-8246-238fb32b6076;0a3f5083-c8bd-32b8-e044-0003ba298018;1042925;510;119;119;;;1986;2014;7;1;2;POINT(671384.83 6198803.13);5;6
014eac2d-95e7-42cd-b244-4732ae405afa;0a3f5084-f744-32b8-e044-0003ba298018;1657413;585;14;14;;;1980;;9;;90;POINT(651659.54 6203294.33);5;6
014fc2b7-185e-4534-8417-41c794ccb403;0a3f5084-e843-32b8-e044-0003ba298018;1648152;510;90;90;;;1973;;3;3;;POINT(659095.77 6194986.89);5;6
014fc2d6-be4d-43f5-8e1a-d6702a65ad02;0a3f5082-a8de-32b8-e044-0003ba298018;1989817;510;66;66;;;1968;1994;7;1;;POINT(654563.16 6191470.83);5;6
01504f6c-26f7-49e0-850c-1d25817b6a1e;0a3f5083-cb82-32b8-e044-0003ba298018;1047662;585;12;12;;;1973;;9;;;POINT(666917.43 6202150.11);5;6
0155c867-3e13-456a-8c06-c89c15adf531;0a3f5084-c022-32b8-e044-0003ba298018;1644872;510;24;24;;;2006;2010;7;1;90;POINT(668483.25 6195037.71);5;6
01564ab5-e2c9-4269-83fe-f213b32ce163;0a3f5084-fa2c-32b8-e044-0003ba298018;1655326;510;20;20;;;;2020;5;1;;;;12
0156d004-3eda-4b12-8b4c-86797f7a22aa;0a3f5083-cb31-32b8-e044-0003ba298018;1042141;510;29;29;;;1942;1973;3;4;;POINT(669445.83 6202757.85);5;6
0157cabd-1e2c-44fe-b0e7-d10c8f177df9;0a3f5084-cdba-32b8-e044-0003ba298018;1659079;110;164;140;;;1877;1988;2;3;;POINT(643378.2525 6205894.89375);5;6
01581f73-60aa-46c2-815a-7275c6708d93;0a3f5083-e4b8-32b8-e044-0003ba298018;1050643;510;72;72;;;1986;;7;1;2;POINT(668412.81 6201608.21);5;6
01587f4d-c2bd-4b7d-a9fc-8eefb215d4b4;0a3f5084-c054-32b8-e044-0003ba298018;1652708;510;73;73;;;1956;1975;3;3;;POINT(662203.89 6203771.54);5;6
0159e36b-48d2-4d32-8c8a-0c74cb42b75c;0a3f5083-ccd3-32b8-e044-0003ba298018;1049414;510;148;148;;;1916;1969;5;1;5;POINT(666388.08 6202751.69);5;6
015d0c05-923b-4613-b285-7ed9d4457e36;0a3f5084-ff48-32b8-e044-0003ba298018;1647935;510;163;126;;;1986;;7;1;2;POINT(658948.95 6194443.05);5;6
015d6801-528d-4d57-a084-ce32d1d358b5;0a3f5082-b022-32b8-e044-0003ba298018;1986348;510;104;72;;;1974;1993;7;1;2;POINT(650711.57 6189293.41);5;6
015e4d34-323c-4bd6-9d7b-4724cf7fbcbc;0a3f5084-fa0c-32b8-e044-0003ba298018;1649173;530;12;;12;;;;9;;;POINT(660491.59 6196042.38);5;3
015f45ad-8637-4009-afb7-d77d6df5264f;0a3f5082-c3a5-32b8-e044-0003ba298018;1982526;120;92;171;;;1980;;2;7;;POINT(657109.99 6188738.53);5;6
01601aed-e02d-45a3-8c25-7cb3d17924b8;0a3f5082-ac1b-32b8-e044-0003ba298018;1985499;510;121;121;;;2010;;7;1;2;POINT(649408.93 6190003.16);5;6
0164c941-9670-4af2-9516-662b0cf03755;0a3f5082-b385-32b8-e044-0003ba298018;1991020;510;24;;;;;2014;;;;;;9
0165b198-e8b3-485f-8915-6d6769741836;0a3f5084-fdc1-32b8-e044-0003ba298018;1657798;510;57;55;;;1954;;7;1;;POINT(652800.33 6203319.62);5;6
016ae204-e341-48ee-a607-f1f039abd3e2;0a3f5084-d619-32b8-e044-0003ba298018;1644310;120;148;218;;;1852;1975;1;;;POINT(663766.96 6196562.69);5;6
016b513e-10b3-4081-8efc-4ced492a823f;0a3f5084-e94a-32b8-e044-0003ba298018;1661268;585;25;25;;;1973;;7;1;;POINT(658356.2 6192980.85);5;6
016c52e1-67fa-421c-85e7-2a3bf0dbd224;0a3f5083-db8e-32b8-e044-0003ba298018;1050743;585;7;7;;;1975;;9;;;POINT(668862.34 6201553.41);5;6
016e166d-6314-413c-85b5-78315eafb9a2;0a3f5083-cc6c-32b8-e044-0003ba298018;1043146;130;349;241;208;;1911;2006;3;4;;POINT(670647.51 6200949.8);5;6
0171f67a-e634-432e-8e8b-99a9958a221e;0a3f5083-e560-32b8-e044-0003ba298018;1050845;510;76;76;;;1955;2005;7;;2;POINT(668743.02 6202003.63);5;6
0172144a-0945-4649-8d9f-a4979f669c12;0a3f5082-c757-32b8-e044-0003ba298018;1991321;322;2204;;2204;;1977;1997;1;;;POINT(662971.81 6187252.88);5;6
01758d34-70b7-42a6-871d-d28d49e5c99d;0a3f5084-fa06-32b8-e044-0003ba298018;1644298;120;131;211;;;1907;1976;5;1;;POINT(662008.68 6195430.41);5;6
0175d378-5da8-4b38-a7b4-7966040acc6e;0a3f5082-c4c3-32b8-e044-0003ba298018;1981801;120;86;86;;;1977;;2;7;;POINT(656313.32 6188569.67);5;6
01782088-fca5-4fea-aa60-4a5b0a3847f3;4eca26b5-e92c-6765-e044-0003ba298018;1991425;120;66;106;;;1954;;2;4;;POINT(662563.66 6187755.94);5;6
01797ee8-5b82-485e-a26a-359efdad68d7;0a3f5082-9dfd-32b8-e044-0003ba298018;1983491;120;104;104;;;1961;;2;3;;POINT(656947.97 6192109.95);5;6
0179a7c8-ac38-4432-8a91-97e8b7c5755a;0a3f5082-a4a4-32b8-e044-0003ba298018;2604844;510;83;83;;;2004;;7;1;2;POINT(654241.21 6191142.86);5;6
0179ac48-fd23-4fda-8082-890634ef6235;0a3f5083-d003-32b8-e044-0003ba298018;1043130;510;59;59;;;1993;;7;1;2;POINT(670635.71 6202789.32);5;6
017b7736-20f0-41c0-891b-4553fbf6889d;0a3f5084-ceda-32b8-e044-0003ba298018;1647573;510;45;45;;;1955;;3;4;;POINT(658519.11 6195712.41);5;6
017bc729-99cf-4be8-84da-524bf17d7dcf;0a3f5084-caa3-32b8-e044-0003ba298018;1657812;585;21;21;;;2008;;7;1;;POINT(652755.53 6204218.78);5;6
017c8877-b601-407f-85f9-786d57d25df2;0a3f5084-e554-32b8-e044-0003ba298018;1660733;120;60;90;;;1875;2016;5;1;;POINT(647740.69 6204814.2);5;6
017da123-3289-4df2-9348-ae5f38b2824e;0a3f5084-ca24-32b8-e044-0003ba298018;1647367;510;1;1;;;;;;;;;;9
017e7831-a882-4e48-b4d5-d4c622decd2d;0a3f5083-e60a-32b8-e044-0003ba298018;1046666;522;20;;20;;1995;;7;1;;POINT(667689.7 6202597.97);5;6
017f1bd9-1baa-4449-ac9e-336cede64112;0a3f5082-c837-32b8-e044-0003ba298018;1983803;510;61;61;;;1966;2017;7;;2;POINT(657261.3 6191611.14);5;6
01802215-c79e-448c-ab4f-94244d82c4ee;0a3f5083-e41c-32b8-e044-0003ba298018;1049251;510;57;57;;;1970;;7;1;;POINT(665874.06 6201927.48);5;6
01816d9c-53ac-4df2-9f8a-aa529e55496d;0a3f5084-d2ea-32b8-e044-0003ba298018;1650971;510;69;69;;;1988;2008;7;1;2;POINT(659360.96 6198129.79);5;6
01827475-5a22-47c3-9961-3651825f314b;0a3f5084-dd8e-32b8-e044-0003ba298018;1662951;510;33;33;;;;2004;;;;;;9
01836d60-f908-4d4b-a9d1-fb90deac82f6;0a3f5082-bc11-32b8-e044-0003ba298018;1982535;120;70;105;;;1932;;2;3;;POINT(657125.93 6187601.13);5;6
018581eb-2a95-4cdc-b044-3e10b9f09ff6;0a3f5084-ede7-32b8-e044-0003ba298018;1658986;510;81;81;;;2017;;5;1;2;POINT(643394.17 6206550.31);5;6
01866f3e-96ec-43ce-b778-6aa925f1becc;0a3f5082-a1e3-32b8-e044-0003ba298018;1983372;510;10;;;;;;;;;;;9
018694c8-bc35-4909-a512-626bcf692f2b;0a3f5084-db23-32b8-e044-0003ba298018;1661190;510;29;29;;;;2016;;;;;;9
0186e594-1bf3-4b36-b79d-4c3521667832;0a3f5083-ca2b-32b8-e044-0003ba298018;1045942;130;67;109;;;1923;;1;;;POINT(666824.27 6200907.11);5;6
01884859-b0ae-4aa0-9570-a8f109fadc1a;0a3f5083-e891-32b8-e044-0003ba298018;1043903;210;990;;990;;2016;;9;;;POINT(671406.11 6201745.82);5;6
0188ed47-95ec-487f-8d56-058fe7fb1dec;0a3f5083-dcc8-32b8-e044-0003ba298018;1050321;510;61;51;;;1968;;3;3;;POINT(668158.76 6202536.02);5;6
018969de-26d0-406c-9363-c7055194c834;0a3f5083-cfb8-32b8-e044-0003ba298018;1042651;510;95;95;;;1976;;7;1;;POINT(669939.36 6202062.83);5;6
018b704b-6b7c-442f-8092-2ea0f7339dac;0a3f5083-c99a-32b8-e044-0003ba298018;1050322;510;63;63;;;1997;2001;5;1;2;POINT(668199.8 6201406.11);5;6
018c1dea-46c1-494a-ad5d-e078a60ca460;0a3f5082-b756-32b8-e044-0003ba298018;1985492;510;64;64;;;1961;2008;7;1;2;POINT(649460.46 6189698.97);5;6
018dee0b-ea79-4b28-92c2-02217297f614;0a3f5084-cee3-32b8-e044-0003ba298018;1647160;510;42;42;;;1951;1982;7;1;;POINT(658440.59 6195790.99);5;6
018e4911-d7b2-40a5-973e-91b8493b5c2c;0a3f5084-f493-32b8-e044-0003ba298018;1655913;110;148;148;;;1942;1975;5;1;;POINT(664473.19 6199177.72);5;6
0190084e-facf-4fa3-a664-656e9ea8919b;83198d54-ddf8-4da0-bb0d-04e2b9438920;100014778;120;90;90;;;;;5;1;;POINT(666984.72 6191837.13);5;3
019163f8-e806-4c52-93ec-30c577f0dcea;0a3f5084-cdaa-32b8-e044-0003ba298018;1659221;120;170;170;;;1877;;2;3;2;POINT(643723.93 6206363.33);5;6
01916826-2ea5-4af8-b967-d8efd9f9d411;0a3f5084-c646-32b8-e044-0003ba298018;1648910;510;70;70;;;1971;;7;1;;POINT(659793.54 6195996.96);5;6
0192d0db-d32e-45ba-954e-ae94bbf03511;0a3f5084-f4df-32b8-e044-0003ba298018;1644215;232;138;;138;;1948;;7;1;;POINT(662789.77 6195659.58);5;6
0192d4ce-8501-47df-b52a-4c3153032327;0a3f5084-cee3-32b8-e044-0003ba298018;1647160;585;15;15;;;1962;;9;;;POINT(658441.52 6195800.01);5;6
01941cae-1c57-49ee-857b-185a80ba6b3c;0a3f5084-db53-32b8-e044-0003ba298018;1657585;510;24;24;;;1966;;3;4;;POINT(652315.68 6203539.52);5;6
0194db85-5f60-4857-9cf7-daae412ed1eb;19910d8f-ffea-41c9-e044-0003ba298018;2655090;120;256;189;;;2007;;1;;1;POINT(667510.9 6201258.77);5;6
0198f588-72fc-42a9-b75a-86892d6e54a8;0a3f5084-e6f0-32b8-e044-0003ba298018;1649369;510;;;;;;;;;;;;9
019a83a2-8606-4124-bd16-1b6eede02d44;0a3f5084-e214-32b8-e044-0003ba298018;1655715;510;72;72;;;1988;;7;1;2;POINT(663792.57 6201901.16);5;6
019ac70c-9479-44ff-9e97-42b8eb735383;0a3f5082-a009-32b8-e044-0003ba298018;1994067;120;174;148;;;1943;1976;2;4;2;POINT(651673.26 6181277.41);5;6
019e79ee-c649-4256-b338-8ea150c8c491;0a3f5084-e0fe-32b8-e044-0003ba298018;1659036;585;40;31;;;2009;;7;1;90;POINT(643304.98 6207412.19);5;6
019eba90-e65c-447f-88b7-2f1525777d63;0a3f5082-cc1b-32b8-e044-0003ba298018;1981649;110;132;113;;;1900;1986;7;1;2;POINT(658357.96 6189220.85);5;6
019f8624-2203-4d8c-a4a4-f899ed0551c8;22729a66-87b0-44d0-e044-0003ba298018;1982911;220;;;;;;;;;;;;9
019f9f79-6924-4b43-bc79-d8b868116a69;0a3f5083-d6fd-32b8-e044-0003ba298018;1048135;310;329;;329;;1975;;7;1;;POINT(667003.65 6200490);5;10
01a0d46b-1870-4719-8ca2-20fcfff2139a;0a3f5083-d771-32b8-e044-0003ba298018;1044165;510;35;35;;;;2005;9;;90;;;9
01a109f6-a54a-47fa-8a5a-e52459d6f06a;0a3f5082-b63f-32b8-e044-0003ba298018;1991056;216;380;;380;;1935;;9;;;POINT(663557.82 6186856.6);5;6
01a2df73-b200-429a-b95e-ebca95f50964;0a3f5083-dcf3-32b8-e044-0003ba298018;1046863;120;184;184;;;1997;2014;5;1;;POINT(666251.74 6201288.49);5;6
01a3d41d-dd5f-43f0-91ef-90c4011d68d6;0a3f5083-dc6b-32b8-e044-0003ba298018;1043402;510;;;;;;;;;;;;11
01a58882-1ee6-4b15-a43b-f67d95e219a0;0a3f5084-f403-32b8-e044-0003ba298018;1653076;510;54;54;;;1960;;5;1;2;POINT(663499.06 6202472.81);5;6
01a69dad-02e1-474d-b56e-1da37e832261;0a3f5082-c918-32b8-e044-0003ba298018;1985858;510;71;68;;;2015;;7;1;1;POINT(649747.59 6189581.94);5;6
01a69e88-5696-4b44-b622-c66e187c193d;0a3f5083-cccd-32b8-e044-0003ba298018;1047294;120;70;116;;;1955;1998;1;;2;POINT(666242.28 6200734.74);5;6
01a6da2b-2458-4105-aed7-8557d403011b;0a3f5082-cc36-32b8-e044-0003ba298018;1985082;120;161;161;;;1890;1990;2;3;;POINT(651111 6187257.6);5;6
01a77627-9457-469b-820c-61724dc1be0e;0a3f5082-adfc-32b8-e044-0003ba298018;1986083;120;176;176;;;2004;;5;1;;POINT(650375.17 6187375.02);5;6
01aa12cf-0748-4ad4-a0a6-57b48d3af08e;0a3f5084-d6bf-32b8-e044-0003ba298018;1652994;510;3;3;;;;;;;;;;3
01ab8a04-2e9a-4d63-935e-95ad17c742a7;0a3f5084-fe1d-32b8-e044-0003ba298018;1647615;510;76;76;;;1947;2003;7;1;2;POINT(658826.21 6195587.96);5;6
01aded4d-1a5b-4abe-baec-752de14f355b;0a3f5084-d25e-32b8-e044-0003ba298018;1658943;510;58;58;;;1985;;5;1;2;POINT(643427.52 6206968.96);5;6
01af95ce-468c-4571-8c29-18e465b3d8a9;0a3f5083-eb98-32b8-e044-0003ba298018;1047632;440;188;;188;;1875;2000;1;;;POINT(666483.69 6200650.13);5;6
01b31a9f-381b-4277-8239-a1fe9f9d0738;0a3f5083-dd02-32b8-e044-0003ba298018;1043593;510;;;;;;;;;;;;9
01b368ac-85d4-4774-83fe-71253866b9ad;0a3f5082-b85c-32b8-e044-0003ba298018;1992843;320;179;;179;;;2015;;;;;;9
01b464b3-f685-4260-bb71-28a65af535cb;0a3f5082-aed1-32b8-e044-0003ba298018;1992034;510;104;104;;;1973;;7;1;;POINT(663368.86 6184286.14);5;6
01b5627e-a1b4-44e0-aef2-65b1ed6bba47;0a3f5084-c830-32b8-e044-0003ba298018;1661337;510;80;75;;;2007;;7;1;2;POINT(658270.86 6194203.37);5;6
01b7707f-3c97-4d4c-9ed8-2ac2cf7853b7;19910d8f-ffed-41c9-e044-0003ba298018;2654998;130;104;104;;;2006;;1;;90;POINT(667267.53 6201898.06);5;6
01b8eb71-9ae0-4364-a4f2-f74929340332;0a3f5084-c6af-32b8-e044-0003ba298018;1648233;585;18;16;;;1977;;7;1;;POINT(659006.89 6196831.25);5;6
01bb9726-a122-4126-a768-14dc4ec7b5d7;0a3f5084-db45-32b8-e044-0003ba298018;1663777;120;70;70;;;1959;;7;1;1;POINT(661623.03 6192800.62);5;6
01bc6e59-9635-414d-9ac5-d4db51c0d66b;0a3f5084-cdb2-32b8-e044-0003ba298018;1658970;510;62;62;;;1981;;7;1;;POINT(643426.65 6206013.9);5;6
01bee691-fd8f-4fe6-accf-05bed80e0658;0a3f5082-bab2-32b8-e044-0003ba298018;1985022;110;;;;;;;5;1;;;;9
01bffdd8-db94-4b53-9a08-3cccbc5f3adf;0a3f5084-e9f7-32b8-e044-0003ba298018;1655215;510;72;72;;;1973;2004;7;1;;POINT(662978.32 6201323.18);5;6
01c15d8c-ee86-4915-983c-75b748ce8cec;0a3f5083-c9b1-32b8-e044-0003ba298018;1046995;120;114;114;;;1990;;1;;;POINT(665979.41 6200433.36);5;6
01c43df0-6ff1-4f47-b14d-65485a34956b;0a3f5083-db38-32b8-e044-0003ba298018;1042695;510;26;26;;;;2013;;;;;;9
01c48231-dad9-4e9f-ab72-03669b2b0b95;0a3f5084-e4ae-32b8-e044-0003ba298018;1656866;210;189;;189;;1870;;9;;;POINT(661508.36 6201627.7);5;6
01ca0c3e-007c-416c-9518-14f1d9fbb881;0a3f5082-a7ac-32b8-e044-0003ba298018;1986568;585;11;11;;;1986;;9;;;POINT(650900.72 6189070.93);5;6
01ca8fad-2bd9-458c-b06b-4cbed23b5f8d;0a3f5082-c5f0-32b8-e044-0003ba298018;1989700;510;82;82;;;1938;2015;5;1;7;POINT(653577.52 6191554.01);5;6
01cad5b1-2f36-4ef2-90a3-2913bbf62e35;0a3f5084-f933-32b8-e044-0003ba298018;1650337;510;19;19;;;;2015;;;;;;9
01cb6bc6-f36d-4716-bbb8-5a48f1acecb0;0a3f5084-df24-32b8-e044-0003ba298018;1659277;510;73;73;;;1985;;7;1;;POINT(643628.04 6207144.81);5;6
01cc179c-8825-471c-88d5-bb2cfb849468;0a3f5082-cbe2-32b8-e044-0003ba298018;1982940;510;87;87;;;;2011;;;;;;9
01cd1793-64ff-4c73-8ce7-f7de9f0b31c5;0a3f5084-f71a-32b8-e044-0003ba298018;1652488;510;128;122;;;2014;;7;1;;POINT(662681.83 6202313.99);5;6
01cded26-c3c8-4741-8cbb-ec2e92edb602;0a3f5083-e938-32b8-e044-0003ba298018;1051016;510;9;6;;;;;;;;;;9
01d025ab-10a4-4128-810c-7154a65f067f;0a3f5084-edf2-32b8-e044-0003ba298018;1658897;510;8;8;;;;2011;;;;;;9
01d25ccf-0b98-4443-a6bf-6cb909c07327;0a3f5084-bf89-32b8-e044-0003ba298018;1651352;120;121;121;;;1969;;1;;;POINT(662583.11 6199139.66);5;6
01d2aa1f-99e6-407d-b18d-f16e793e5cb7;0a3f5082-ab27-32b8-e044-0003ba298018;1982944;510;48;48;;;1970;;7;1;2;POINT(657130.9 6191434.39);5;6
01d9e869-881f-410c-aa27-aaad6652aa33;0a3f5084-f8d5-32b8-e044-0003ba298018;1656873;120;128;128;;;1900;1983;2;4;;POINT(661387.79 6200988.76);5;6
01d9fa13-27f1-4137-b9b5-d681c80316de;0a3f5084-e335-32b8-e044-0003ba298018;1661361;320;195;;195;;1999;;9;;;POINT(659172.19 6192905.31);5;6
01da033e-f381-4992-a0f0-57c56b1fb387;0a3f5082-b31e-32b8-e044-0003ba298018;1983180;210;425;;425;;2003;;9;;90;POINT(654989.64 6188660.11);5;6
01dc6e3f-d366-4dd9-a0d7-c8ee693874d2;0a3f5082-ac6d-32b8-e044-0003ba298018;1986668;510;52;52;;;1953;1984;3;4;2;POINT(650847.69 6189582.2);5;6
01dc8d71-2eff-4709-8b23-2d5560480bf9;0a3f5082-ba93-32b8-e044-0003ba298018;1985979;585;35;35;;;1970;;9;;;POINT(650591.91 6189493.21);5;6
01dcf920-0047-45ab-8421-75703462dec9;0a3f5082-a8a7-32b8-e044-0003ba298018;1982696;120;154;205;;;1985;;3;7;2;POINT(656944.63 6188511.67);5;6
01dda11a-0d94-4152-ba26-b5ac022794c1;0a3f5084-dd99-32b8-e044-0003ba298018;1648359;120;120;120;;;1870;1875;2;3;;POINT(659295.67 6195609.12);5;6
01de4aa8-2480-4134-ad5e-9723d7a3ef0d;0a3f5084-f63c-32b8-e044-0003ba298018;1660576;110;74;82;;;1912;;3;3;;POINT(647383.23 6204617.74);5;6
01dfcede-bd93-483a-b6ae-419af9a957b6;0a3f5082-ad88-32b8-e044-0003ba298018;1988599;120;121;104;;;1980;;2;7;;POINT(655529.34 6184350.49);5;6
01dfdaee-3138-42f7-b556-4b52937e940a;0a3f5085-0073-32b8-e044-0003ba298018;1653013;510;36;36;;;1963;;7;1;2;POINT(663793.71 6202491.32);5;6
01e0c7f7-011c-413f-8974-6933c957bbb0;0a3f5084-d683-32b8-e044-0003ba298018;2531654;510;127;120;;;2000;2007;7;1;;POINT(663020.93 6202880.35);5;6
01e31c0e-5130-4878-aa6b-0c9b6cbdea3f;0a3f5082-c3dd-32b8-e044-0003ba298018;1989542;510;84;84;;;1972;;7;1;;POINT(653886.37 6191254.82);5;6
01e38049-06e5-4ed4-9c7d-520198590475;0a3f5082-a880-32b8-e044-0003ba298018;1987505;130;81;81;;;1980;;7;1;;POINT(653292.88 6186617.26);5;6
01e3ddc6-ba21-415d-ab37-916499fad51a;0a3f5083-e095-32b8-e044-0003ba298018;1043434;510;;;;;;;;;;;;2
01e4c4d7-aed1-41c1-8d2f-4149d4334223;0a3f5084-ca79-32b8-e044-0003ba298018;1654028;510;90;90;;;1997;;7;1;2;POINT(657789.75 6200783.84);5;6
01e6cc3d-3b7d-469b-9037-554b9a7b8eb4;0a3f5082-a84d-32b8-e044-0003ba298018;1990509;120;90;90;;;1954;1970;1;;2;POINT(659996.62 6186609.3);5;6
01e84a2e-d9a2-4d7b-a7ba-a57eef41b7d7;0a3f5083-dcc0-32b8-e044-0003ba298018;1050355;510;58;58;;;1970;;7;1;;POINT(668135.78 6202618.3);5;6
01e9332b-d2d0-4ccf-946a-aa38f63920ea;0a3f5083-eace-32b8-e044-0003ba298018;1050418;510;60;60;;;;2018;;;;;;9
01e96439-27f0-4624-992c-30c90e5eabe8;0a3f5082-aaac-32b8-e044-0003ba298018;1990498;120;41;56;;;;2011;;;;;;9
01e9f7a7-59ec-413e-8346-dce6d8025aa6;0a3f5084-f14d-32b8-e044-0003ba298018;1656801;510;104;164;;;1873;1981;3;4;2;POINT(658559.68 6199635.78);5;6
01ea7d7a-f805-48a1-9fa3-0575435c73be;0a3f5082-ab85-32b8-e044-0003ba298018;1985260;510;163;163;;;1969;;7;1;;POINT(649021.58 6188866.75);5;6
01eb1d08-3aba-4939-bdb5-8643454f3b2c;0a3f5082-9d23-32b8-e044-0003ba298018;1986731;585;10;10;;;1966;;9;;;POINT(651151.42 6188176.39);5;6
01ed13d8-d27a-4937-838c-692f57d00467;0a3f5083-e84e-32b8-e044-0003ba298018;1047009;130;114;86;;;2001;2004;1;;90;POINT(665944.72 6200485.74);5;6
01ed37e0-d6ca-469b-b720-2d33d04ed60e;0a3f5083-d219-32b8-e044-0003ba298018;1046792;233;425;;425;;1908;1962;9;;;POINT(665662.33 6200261.74);5;6
01ef780d-b30f-4b76-bc7a-10164650e157;0a3f5083-ed43-32b8-e044-0003ba298018;1047761;510;76;73;;;1998;;7;1;2;POINT(666826.74 6202067.28);5;6
01f1001e-f681-4851-9ba7-888747078b63;0a3f5082-c299-32b8-e044-0003ba298018;1989933;120;100;100;;;;2009;;;;;;3
01f2416f-ff9f-46e4-811d-c127bcd99c89;0a3f5082-a46b-32b8-e044-0003ba298018;1990028;585;19;19;;;1979;;7;1;;POINT(665656.48 6186880.28);5;6
01f2b4a0-0348-4310-a92b-75e606bfb610;0a3f5083-d6d7-32b8-e044-0003ba298018;1044629;120;27;16;;;2005;;9;;90;POINT(671899.22 6203413.3);5;6
01f38632-70a0-4108-9472-b6f1ba3908ea;0a3f5082-9cff-32b8-e044-0003ba298018;1992275;585;16;16;;;2002;;9;;90;POINT(663900.7 6184309.57);5;6
01f4499d-59d4-436d-880c-54e6202843f4;0a3f5084-ef18-32b8-e044-0003ba298018;1647667;510;91;91;;;2010;;7;1;2;POINT(658776.32 6196512.65);5;6
